exerciciofiscal;uf;subfuncao;Autorizado;Pago;Autorizado_USD;Pago_USD;IDH;Populacao;PIB;Valor_PIB_Agronegocio;Valor_PIB_Agricola;Valor_PIB_Pecuario;%_PIB_Agronegocio;%_PIB_Agricola;%_PIB_Pecuario;Total_Propriedade_Agricola;Populacao_Por_Propriedade;Log_Pop_Por_Propriedade;Norm_Pop_Por_Propriedade;Nao_Recebe_Orientacao_Tecnica;%_Nao_Recebe_Orientacao_Tecnica;Recebe_Orientacao_Tecnica;%_Receber_Orientacao_Tecnica;Governo_Orientacao_Tecnica;Propria_Orientacao_Tecnica;Cooperativas_Orientacao_Tecnica;Empresas_Integradoras_Orientacao_Tecnica;Empresas_Privadas_Orientacao_Tecnica;ONG_Orientacao_Tecnica;Sistema_S_Orientacao_Tecnica;Outra_Origem__Orientacao_Tecnica;tipoacao_CAPEX;tipoacao_OPEX;tipoacao_Operação Especial;regiao_BR;regiao_Centro-Oeste;regiao_Nordeste;regiao_Norte;regiao_Sudeste;regiao_Sul;unidadeorcamentaria_CONAB;unidadeorcamentaria_EMBRAPA;unidadeorcamentaria_INCRA;unidadeorcamentaria_MAPA;unidadeorcamentaria_SFB
2018;BR;Abastecimento;1404611484.0;328915867.9;384825064.1;90113936.41;0.77;207853293;333916689.3;66818795.32;49743937.01;17074858.3;0.200106187;0.148971101;0.051135085;5073324;40.96984403;1.612464311;-0.284688958;4047881;0.797875515;1025443;0.202124485;388077;316394;251520;134950;28302;8662;7680;52117;0.0;1.0;0.0;1.0;0.0;0.0;0.0;0.0;0.0;1.0;0.0;0.0;0.0;0.0
2018;BR;Administração Geral;299369927.0;218397216.3;82019158.08;59834853.78;0.77;207853293;333916689.3;66818795.32;49743937.01;17074858.3;0.200106187;0.148971101;0.051135085;5073324;40.96984403;1.612464311;-0.284688958;4047881;0.797875515;1025443;0.202124485;388077;316394;251520;134950;28302;8662;7680;52117;0.0;1.0;0.0;1.0;0.0;0.0;0.0;0.0;0.0;0.0;0.0;0.0;1.0;0.0
2018;BR;Defesa Agropecuária;26890301.0;13628327.56;7367205.753;3733788.373;0.77;207853293;333916689.3;66818795.32;49743937.01;17074858.3;0.200106187;0.148971101;0.051135085;5073324;40.96984403;1.612464311;-0.284688958;4047881;0.797875515;1025443;0.202124485;388077;316394;251520;134950;28302;8662;7680;52117;0.0;1.0;0.0;1.0;0.0;0.0;0.0;0.0;0.0;0.0;0.0;0.0;1.0;0.0
2018;BR;Defesa Agropecuária;7025501.0;2238783.61;1924794.795;613365.3726;0.77;207853293;333916689.3;66818795.32;49743937.01;17074858.3;0.200106187;0.148971101;0.051135085;5073324;40.96984403;1.612464311;-0.284688958;4047881;0.797875515;1025443;0.202124485;388077;316394;251520;134950;28302;8662;7680;52117;1.0;0.0;0.0;1.0;0.0;0.0;0.0;0.0;0.0;0.0;0.0;0.0;1.0;0.0
2018;BR;Desenvolvimento Científico;4134520.0;4134520.0;1132745.205;1132745.205;0.77;207853293;333916689.3;66818795.32;49743937.01;17074858.3;0.200106187;0.148971101;0.051135085;5073324;40.96984403;1.612464311;-0.284688958;4047881;0.797875515;1025443;0.202124485;388077;316394;251520;134950;28302;8662;7680;52117;0.0;1.0;0.0;1.0;0.0;0.0;0.0;0.0;0.0;0.0;1.0;0.0;0.0;0.0
2018;BR;Desenvolvimento Tecnológico e Engenharia;250242952.0;159489130.9;68559712.88;43695652.3;0.77;207853293;333916689.3;66818795.32;49743937.01;17074858.3;0.200106187;0.148971101;0.051135085;5073324;40.96984403;1.612464311;-0.284688958;4047881;0.797875515;1025443;0.202124485;388077;316394;251520;134950;28302;8662;7680;52117;0.0;1.0;0.0;1.0;0.0;0.0;0.0;0.0;0.0;0.0;1.0;0.0;0.0;0.0
2018;BR;Desenvolvimento Tecnológico e Engenharia;11716212.0;1396945.92;3209921.096;382724.9096;0.77;207853293;333916689.3;66818795.32;49743937.01;17074858.3;0.200106187;0.148971101;0.051135085;5073324;40.96984403;1.612464311;-0.284688958;4047881;0.797875515;1025443;0.202124485;388077;316394;251520;134950;28302;8662;7680;52117;1.0;0.0;0.0;1.0;0.0;0.0;0.0;0.0;0.0;0.0;1.0;0.0;0.0;0.0
2018;BR;Difusão do Conhecimento Científico e Tecnológico;17742156.0;7240695.43;4860864.658;1983752.173;0.77;207853293;333916689.3;66818795.32;49743937.01;17074858.3;0.200106187;0.148971101;0.051135085;5073324;40.96984403;1.612464311;-0.284688958;4047881;0.797875515;1025443;0.202124485;388077;316394;251520;134950;28302;8662;7680;52117;0.0;1.0;0.0;1.0;0.0;0.0;0.0;0.0;0.0;0.0;1.0;0.0;0.0;0.0
2018;BR;Extensão Rural;6039185.0;1650430.77;1654571.233;452172.8137;0.77;207853293;333916689.3;66818795.32;49743937.01;17074858.3;0.200106187;0.148971101;0.051135085;5073324;40.96984403;1.612464311;-0.284688958;4047881;0.797875515;1025443;0.202124485;388077;316394;251520;134950;28302;8662;7680;52117;0.0;1.0;0.0;1.0;0.0;0.0;0.0;0.0;0.0;0.0;0.0;0.0;1.0;0.0
2018;BR;Meteorologia ;52072369.0;30463798.75;14266402.47;8346246.233;0.77;207853293;333916689.3;66818795.32;49743937.01;17074858.3;0.200106187;0.148971101;0.051135085;5073324;40.96984403;1.612464311;-0.284688958;4047881;0.797875515;1025443;0.202124485;388077;316394;251520;134950;28302;8662;7680;52117;0.0;1.0;0.0;1.0;0.0;0.0;0.0;0.0;0.0;0.0;0.0;0.0;1.0;0.0
2018;BR;Meteorologia ;800000.0;0.0;219178.0822;0.0;0.77;207853293;333916689.3;66818795.32;49743937.01;17074858.3;0.200106187;0.148971101;0.051135085;5073324;40.96984403;1.612464311;-0.284688958;4047881;0.797875515;1025443;0.202124485;388077;316394;251520;134950;28302;8662;7680;52117;1.0;0.0;0.0;1.0;0.0;0.0;0.0;0.0;0.0;0.0;0.0;0.0;1.0;0.0
2018;BR;Normalização e Qualidade;2811606.0;784046.43;770303.0137;214807.2411;0.77;207853293;333916689.3;66818795.32;49743937.01;17074858.3;0.200106187;0.148971101;0.051135085;5073324;40.96984403;1.612464311;-0.284688958;4047881;0.797875515;1025443;0.202124485;388077;316394;251520;134950;28302;8662;7680;52117;0.0;1.0;0.0;1.0;0.0;0.0;0.0;0.0;0.0;0.0;0.0;0.0;1.0;0.0
2018;BR;Normatização e Fiscalização;160937944.0;115149420.7;44092587.4;31547786.49;0.77;207853293;333916689.3;66818795.32;49743937.01;17074858.3;0.200106187;0.148971101;0.051135085;5073324;40.96984403;1.612464311;-0.284688958;4047881;0.797875515;1025443;0.202124485;388077;316394;251520;134950;28302;8662;7680;52117;0.0;1.0;0.0;1.0;0.0;0.0;0.0;0.0;0.0;0.0;0.0;0.0;1.0;0.0
2018;BR;Preservação e Conservação Ambiental;1166387.0;542784.59;319558.0822;148708.1068;0.77;207853293;333916689.3;66818795.32;49743937.01;17074858.3;0.200106187;0.148971101;0.051135085;5073324;40.96984403;1.612464311;-0.284688958;4047881;0.797875515;1025443;0.202124485;388077;316394;251520;134950;28302;8662;7680;52117;0.0;1.0;0.0;1.0;0.0;0.0;0.0;0.0;0.0;0.0;0.0;0.0;1.0;0.0
2018;BR;Promoção Comercial;9091476.0;8022167.62;2490815.342;2197854.142;0.77;207853293;333916689.3;66818795.32;49743937.01;17074858.3;0.200106187;0.148971101;0.051135085;5073324;40.96984403;1.612464311;-0.284688958;4047881;0.797875515;1025443;0.202124485;388077;316394;251520;134950;28302;8662;7680;52117;0.0;1.0;0.0;1.0;0.0;0.0;0.0;0.0;0.0;0.0;0.0;0.0;1.0;0.0
2018;BR;Promoção da Produção Agropecuária;467110664.0;48553628.67;127975524.4;13302364.02;0.77;207853293;333916689.3;66818795.32;49743937.01;17074858.3;0.200106187;0.148971101;0.051135085;5073324;40.96984403;1.612464311;-0.284688958;4047881;0.797875515;1025443;0.202124485;388077;316394;251520;134950;28302;8662;7680;52117;0.0;1.0;0.0;1.0;0.0;0.0;0.0;0.0;0.0;0.0;0.0;0.0;1.0;0.0
2018;BR;Promoção da Produção Agropecuária;370859328.0;370607726.8;101605295.3;101536363.5;0.77;207853293;333916689.3;66818795.32;49743937.01;17074858.3;0.200106187;0.148971101;0.051135085;5073324;40.96984403;1.612464311;-0.284688958;4047881;0.797875515;1025443;0.202124485;388077;316394;251520;134950;28302;8662;7680;52117;0.0;0.0;1.0;1.0;0.0;0.0;0.0;0.0;0.0;0.0;0.0;0.0;1.0;0.0
2018;BR;Proteção e Benefícios ao Trabalhador;252806392.0;222071214.6;69262025.21;60841428.66;0.77;207853293;333916689.3;66818795.32;49743937.01;17074858.3;0.200106187;0.148971101;0.051135085;5073324;40.96984403;1.612464311;-0.284688958;4047881;0.797875515;1025443;0.202124485;388077;316394;251520;134950;28302;8662;7680;52117;0.0;1.0;0.0;1.0;0.0;0.0;0.0;0.0;0.0;0.0;1.0;0.0;0.0;0.0
2018;CO;Promoção da Produção Agropecuária;750000.0;6373.19;205479.4521;1746.079452;0.791;15963500;173727730.8;34763993.71;25880411.42;8883582.288;0.200106187;0.148971101;0.051135085;347263;45.96948134;1.662469604;-0.243060127;265213;0.763723748;82050;0.236276252;20508;43610;13193;4884;3037;246;1457;3231;0.0;1.0;0.0;0.0;1.0;0.0;0.0;0.0;0.0;0.0;0.0;0.0;1.0;0.0
2018;DF;Desenvolvimento Tecnológico e Engenharia;3990598.0;578958.59;1093314.521;158618.7918;0.845;2972209;254817204.7;50990499.1;37960399.66;13030099.43;0.200106187;0.148971101;0.051135085;5246;566.5667175;2.753251059;4.091625222;1211;0.230842547;4035;0.769157453;3568;418;218;163;35;7;88;42;1.0;0.0;0.0;0.0;1.0;0.0;0.0;0.0;0.0;0.0;1.0;0.0;0.0;0.0
2018;DF;Promoção da Produção Agropecuária;1200000.0;5492.56;328767.1233;1504.810959;0.845;2972209;254817204.7;50990499.1;37960399.66;13030099.43;0.200106187;0.148971101;0.051135085;5246;566.5667175;2.753251059;4.091625222;1211;0.230842547;4035;0.769157453;3568;418;218;163;35;7;88;42;0.0;1.0;0.0;0.0;1.0;0.0;0.0;0.0;0.0;0.0;0.0;0.0;1.0;0.0
2018;GO;Difusão do Conhecimento Científico e Tecnológico;500000.0;0.0;136986.3014;0.0;0.771;6923260;195681724.0;39157123.56;29150921.97;10006201.6;0.200106187;0.148971101;0.051135085;152174;45.49568257;1.657970185;-0.247005151;118755;0.780389554;33419;0.219610446;5515;18797;7421;1902;1286;80;324;1307;0.0;1.0;0.0;0.0;1.0;0.0;0.0;0.0;0.0;0.0;1.0;0.0;0.0;0.0
2018;GO;Promoção da Produção Agropecuária;15552999.0;983903.32;4261095.616;269562.5534;0.771;6923260;195681724.0;39157123.56;29150921.97;10006201.6;0.200106187;0.148971101;0.051135085;152174;45.49568257;1.657970185;-0.247005151;118755;0.780389554;33419;0.219610446;5515;18797;7421;1902;1286;80;324;1307;0.0;1.0;0.0;0.0;1.0;0.0;0.0;0.0;0.0;0.0;0.0;0.0;1.0;0.0
2018;MS;Promoção da Produção Agropecuária;12500000.0;393126.49;3424657.534;107705.8877;0.77;2679112;106969141.7;21405187.02;15935310.86;5469876.157;0.200106187;0.148971101;0.051135085;71164;37.64701253;1.575730519;-0.312356084;48566;0.682451801;22598;0.317548199;6458;11803;3471;1065;881;73;698;795;0.0;1.0;0.0;0.0;1.0;0.0;0.0;0.0;0.0;0.0;0.0;0.0;1.0;0.0
2018;MT;Promoção da Produção Agropecuária;5406135.0;88115.21;1481132.877;24141.15342;0.778;3388919;137442852.8;27503165.14;20475013.17;7028151.966;0.200106187;0.148971101;0.051135085;118679;28.55533835;1.45568731;-0.388056729;96681;0.81464286;21998;0.18535714;4967;12592;2083;1754;835;86;347;1087;0.0;1.0;0.0;0.0;1.0;0.0;0.0;0.0;0.0;0.0;0.0;0.0;1.0;0.0
2018;AL;Promoção da Produção Agropecuária;2100135.0;19600.0;575379.4521;5369.863014;0.689;3315564;54413046.66;10888387.26;8105971.497;2782415.768;0.200106187;0.148971101;0.051135085;98542;33.64620162;1.526936043;-0.345668317;92457;0.93824968;6085;0.06175032;2619;1989;1009;112;73;43;49;484;0.0;1.0;0.0;0.0;0.0;1.0;0.0;0.0;0.0;0.0;0.0;0.0;1.0;0.0
2018;BA;Promoção da Produção Agropecuária;64039382.0;1087935.0;17545036.16;298064.3836;0.71;14793319;286239541.1;57278303.0;42641419.73;14636883.28;0.200106187;0.148971101;0.051135085;762848;19.39222361;1.28762761;-0.464352215;704292;0.923240279;58556;0.076759721;24357;17143;8380;2135;940;3544;615;5365;0.0;1.0;0.0;0.0;0.0;1.0;0.0;0.0;0.0;0.0;0.0;0.0;1.0;0.0
2018;CE;Difusão do Conhecimento Científico e Tecnológico;250000.0;2035.42;68493.15068;557.6493151;0.739;9072980;155903824.8;31197319.85;23225164.51;7972155.339;0.200106187;0.148971101;0.051135085;394330;23.00859686;1.361890135;-0.434240953;351722;0.891948368;42608;0.108051632;36430;4250;940;172;177;539;186;1184;0.0;1.0;0.0;0.0;0.0;1.0;0.0;0.0;0.0;0.0;1.0;0.0;0.0;0.0
2018;CE;Promoção da Produção Agropecuária;4000000.0;622400.0;1095890.411;170520.5479;0.739;9072980;155903824.8;31197319.85;23225164.51;7972155.339;0.200106187;0.148971101;0.051135085;394330;23.00859686;1.361890135;-0.434240953;351722;0.891948368;42608;0.108051632;36430;4250;940;172;177;539;186;1184;0.0;1.0;0.0;0.0;0.0;1.0;0.0;0.0;0.0;0.0;0.0;0.0;1.0;0.0
2018;MA;Desenvolvimento Tecnológico e Engenharia;490000.0;0.0;134246.5753;0.0;0.686;7000726;98179495.64;19646324.47;14625907.61;5020416.859;0.200106187;0.148971101;0.051135085;219765;31.85550929;1.503184553;-0.360578284;210482;0.957759425;9283;0.042240575;4367;3216;372;400;171;115;185;836;1.0;0.0;0.0;0.0;0.0;1.0;0.0;0.0;0.0;0.0;1.0;0.0;0.0;0.0
2018;MA;Promoção da Produção Agropecuária;2423000.0;11792.56;663835.6164;3230.838356;0.686;7000726;98179495.64;19646324.47;14625907.61;5020416.859;0.200106187;0.148971101;0.051135085;219765;31.85550929;1.503184553;-0.360578284;210482;0.957759425;9283;0.042240575;4367;3216;372;400;171;115;185;836;0.0;1.0;0.0;0.0;0.0;1.0;0.0;0.0;0.0;0.0;0.0;0.0;1.0;0.0
2018;PB;Promoção da Produção Agropecuária;7450000.0;165621.09;2041095.89;45375.6411;0.711;3975329;64373595.37;12881554.68;9589805.409;3291749.273;0.200106187;0.148971101;0.051135085;163218;24.35594726;1.386605025;-0.423022414;134932;0.826698036;28286;0.173301964;21673;4980;1211;295;73;444;137;1104;0.0;1.0;0.0;0.0;0.0;1.0;0.0;0.0;0.0;0.0;0.0;0.0;1.0;0.0
2018;PE;Abastecimento;150000.0;23750.0;41095.89041;6506.849315;0.735;9439033;186351975.3;37290183.13;27761059.03;9529124.104;0.200106187;0.148971101;0.051135085;281688;33.50882182;1.525159158;-0.346812192;262693;0.932567238;18995;0.067432762;9750;4954;1392;569;322;889;83;2089;0.0;1.0;0.0;0.0;0.0;1.0;0.0;0.0;0.0;1.0;0.0;0.0;0.0;0.0
2018;PE;Difusão do Conhecimento Científico e Tecnológico;350000.0;25042.06;95890.41096;6860.838356;0.735;9439033;186351975.3;37290183.13;27761059.03;9529124.104;0.200106187;0.148971101;0.051135085;281688;33.50882182;1.525159158;-0.346812192;262693;0.932567238;18995;0.067432762;9750;4954;1392;569;322;889;83;2089;0.0;1.0;0.0;0.0;0.0;1.0;0.0;0.0;0.0;0.0;1.0;0.0;0.0;0.0
2018;PE;Promoção da Produção Agropecuária;8762271.0;587333.0;2400622.192;160913.1507;0.735;9439033;186351975.3;37290183.13;27761059.03;9529124.104;0.200106187;0.148971101;0.051135085;281688;33.50882182;1.525159158;-0.346812192;262693;0.932567238;18995;0.067432762;9750;4954;1392;569;322;889;83;2089;0.0;1.0;0.0;0.0;0.0;1.0;0.0;0.0;0.0;0.0;0.0;0.0;1.0;0.0
2018;PI;Promoção da Produção Agropecuária;1000000.0;1400.0;273972.6027;383.5616438;0.699;3263754;50378417.55;10081033.02;7504928.354;2576104.666;0.200106187;0.148971101;0.051135085;245601;13.28884654;1.123487286;-0.515171193;237127;0.965496883;8474;0.034503117;4304;2578;574;105;96;100;263;972;0.0;1.0;0.0;0.0;0.0;1.0;0.0;0.0;0.0;0.0;0.0;0.0;1.0;0.0
2018;RN;Promoção da Produção Agropecuária;4250000.0;155192.56;1164383.562;42518.50959;0.739;3479010;66969562.0;13401023.67;9976529.418;3424494.248;0.200106187;0.148971101;0.051135085;63452;54.8290046;1.739010362;-0.169292456;53247;0.839169766;10205;0.160830234;5484;3478;522;115;102;71;397;750;0.0;1.0;0.0;0.0;0.0;1.0;0.0;0.0;0.0;0.0;0.0;0.0;1.0;0.0
2018;SE;Promoção da Produção Agropecuária;8822000.0;178397.65;2416986.301;48876.06849;0.71;2277956;42017981.28;8408058.0;6259464.954;2148593.046;0.200106187;0.148971101;0.051135085;93275;24.42193514;1.387780073;-0.422472975;84963;0.910887162;8312;0.089112838;5441;2242;214;147;62;12;47;391;0.0;1.0;0.0;0.0;0.0;1.0;0.0;0.0;0.0;0.0;0.0;0.0;1.0;0.0
2018;AC;Desenvolvimento Tecnológico e Engenharia;100000.0;6189.43;27397.26027;1695.734247;0.733;853023;15331122.59;3067852.477;2283894.219;783958.2574;0.200106187;0.148971101;0.051135085;37356;22.83496627;1.358600374;-0.435686665;33086;0.8856944;4270;0.1143056;2904;953;146;114;19;315;104;175;0.0;1.0;0.0;0.0;0.0;0.0;1.0;0.0;0.0;0.0;1.0;0.0;0.0;0.0
2018;AC;Difusão do Conhecimento Científico e Tecnológico;500000.0;36058.96;136986.3014;9879.167123;0.733;853023;15331122.59;3067852.477;2283894.219;783958.2574;0.200106187;0.148971101;0.051135085;37356;22.83496627;1.358600374;-0.435686665;33086;0.8856944;4270;0.1143056;2904;953;146;114;19;315;104;175;0.0;1.0;0.0;0.0;0.0;0.0;1.0;0.0;0.0;0.0;1.0;0.0;0.0;0.0
2018;AC;Promoção da Produção Agropecuária;4530000.0;121332.88;1241095.89;33241.88493;0.733;853023;15331122.59;3067852.477;2283894.219;783958.2574;0.200106187;0.148971101;0.051135085;37356;22.83496627;1.358600374;-0.435686665;33086;0.8856944;4270;0.1143056;2904;953;146;114;19;315;104;175;0.0;1.0;0.0;0.0;0.0;0.0;1.0;0.0;0.0;0.0;0.0;0.0;1.0;0.0
2018;AM;Difusão do Conhecimento Científico e Tecnológico;150000.0;38696.23;41095.89041;10601.70685;0.718;3921508;100109235.1;20032477.27;14913383.02;5119094.25;0.200106187;0.148971101;0.051135085;80959;48.43819711;1.68518797;-0.222504685;71267;0.880285083;9692;0.119714917;8092;1137;248;54;43;145;20;412;0.0;1.0;0.0;0.0;0.0;0.0;1.0;0.0;0.0;0.0;1.0;0.0;0.0;0.0
2018;AM;Promoção da Produção Agropecuária;3350000.0;44861.45;917808.2192;12290.80822;0.718;3921508;100109235.1;20032477.27;14913383.02;5119094.25;0.200106187;0.148971101;0.051135085;80959;48.43819711;1.68518797;-0.222504685;71267;0.880285083;9692;0.119714917;8092;1137;248;54;43;145;20;412;0.0;1.0;0.0;0.0;0.0;0.0;1.0;0.0;0.0;0.0;0.0;0.0;1.0;0.0
2018;AP;Difusão do Conhecimento Científico e Tecnológico;400000.0;7022.59;109589.0411;1923.99726;0.741;821545;16795206.67;3360824.759;2502000.437;858824.3213;0.200106187;0.148971101;0.051135085;8507;96.57282238;1.984854924;0.178282028;7214;0.848007523;1293;0.151992477;1125;132;14;8;12;1;45;35;0.0;1.0;0.0;0.0;0.0;0.0;1.0;0.0;0.0;0.0;1.0;0.0;0.0;0.0
2018;AP;Promoção da Produção Agropecuária;2702634.0;8400.0;740447.6712;2301.369863;0.741;821545;16795206.67;3360824.759;2502000.437;858824.3213;0.200106187;0.148971101;0.051135085;8507;96.57282238;1.984854924;0.178282028;7214;0.848007523;1293;0.151992477;1125;132;14;8;12;1;45;35;0.0;1.0;0.0;0.0;0.0;0.0;1.0;0.0;0.0;0.0;0.0;0.0;1.0;0.0
2018;PA;Desenvolvimento Tecnológico e Engenharia;300000.0;20000.0;82191.78082;5479.452055;0.707;8472029;161349602.0;32287053.55;24036427.94;8250625.619;0.200106187;0.148971101;0.051135085;281699;30.0747571;1.478202128;-0.375405486;264830;0.940116933;16869;0.059883067;8848;5051;1108;756;353;256;129;1141;0.0;1.0;0.0;0.0;0.0;0.0;1.0;0.0;0.0;0.0;1.0;0.0;0.0;0.0
2018;PA;Promoção da Produção Agropecuária;12270090.0;88742.28;3361668.493;24312.95342;0.707;8472029;161349602.0;32287053.55;24036427.94;8250625.619;0.200106187;0.148971101;0.051135085;281699;30.0747571;1.478202128;-0.375405486;264830;0.940116933;16869;0.059883067;8848;5051;1108;756;353;256;129;1141;0.0;1.0;0.0;0.0;0.0;0.0;1.0;0.0;0.0;0.0;0.0;0.0;1.0;0.0
2018;RO;Promoção da Produção Agropecuária;1400000.0;7000.0;383561.6438;1917.808219;0.73;1747154;44913978.49;8987564.958;6690884.848;2296680.11;0.200106187;0.148971101;0.051135085;91438;19.10752641;1.281204469;-0.46672271;74338;0.812988036;17100;0.187011964;13029;3343;384;456;197;62;35;446;0.0;1.0;0.0;0.0;0.0;0.0;1.0;0.0;0.0;0.0;0.0;0.0;1.0;0.0
2018;RR;Difusão do Conhecimento Científico e Tecnológico;200000.0;21830.43;54794.52055;5980.939726;0.76;513466;13369987.72;2675417.257;1991741.798;683675.459;0.200106187;0.148971101;0.051135085;16846;30.47999525;1.484014895;-0.372031323;14619;0.867802446;2227;0.132197554;1498;638;37;16;26;6;110;91;0.0;1.0;0.0;0.0;0.0;0.0;1.0;0.0;0.0;0.0;1.0;0.0;0.0;0.0
2018;RR;Promoção da Produção Agropecuária;2240000.0;14156.75;613698.6301;3878.561644;0.76;513466;13369987.72;2675417.257;1991741.798;683675.459;0.200106187;0.148971101;0.051135085;16846;30.47999525;1.484014895;-0.372031323;14619;0.867802446;2227;0.132197554;1498;638;37;16;26;6;110;91;0.0;1.0;0.0;0.0;0.0;0.0;1.0;0.0;0.0;0.0;0.0;0.0;1.0;0.0
2018;TO;Promoção da Produção Agropecuária;5396000.0;348412.12;1478356.164;95455.37534;0.749;1542150;35666183.08;7137023.884;5313230.58;1823793.305;0.200106187;0.148971101;0.051135085;63808;24.16859955;1.383251486;-0.424582341;54908;0.860519057;8900;0.139480943;4728;3383;286;221;172;12;276;425;0.0;1.0;0.0;0.0;0.0;0.0;1.0;0.0;0.0;0.0;0.0;0.0;1.0;0.0
2018;ES;Promoção da Produção Agropecuária;19667800.0;1411088.66;5388438.356;386599.6329;0.788;3968734;137020054.9;27418560.66;20412028.51;7006532.159;0.200106187;0.148971101;0.051135085;108014;36.74277408;1.565171943;-0.319885108;82693;0.765576685;25321;0.234423315;8895;7833;7305;1312;403;44;354;1701;0.0;1.0;0.0;0.0;0.0;0.0;0.0;1.0;0.0;0.0;0.0;0.0;1.0;0.0
2018;MG;Difusão do Conhecimento Científico e Tecnológico;350000.0;55000.0;95890.41096;15068.49315;0.784;21030104;614875819.8;123040455.5;91598728.16;31441727.33;0.200106187;0.148971101;0.051135085;607557;34.61420739;1.539254391;-0.337608342;448571;0.738319203;158986;0.261680797;54926;64141;38718;7477;2218;732;919;8611;0.0;1.0;0.0;0.0;0.0;0.0;0.0;1.0;0.0;0.0;1.0;0.0;0.0;0.0
2018;MG;Promoção da Produção Agropecuária;139434812.0;36672053.12;38201318.36;10047137.84;0.784;21030104;614875819.8;123040455.5;91598728.16;31441727.33;0.200106187;0.148971101;0.051135085;607557;34.61420739;1.539254391;-0.337608342;448571;0.738319203;158986;0.261680797;54926;64141;38718;7477;2218;732;919;8611;0.0;1.0;0.0;0.0;0.0;0.0;0.0;1.0;0.0;0.0;0.0;0.0;1.0;0.0
2018;RJ;Desenvolvimento Tecnológico e Engenharia;500000.0;116599.99;136986.3014;31945.20274;0.805;17159435;758859046.9;151852390.0;113048068.1;38804321.9;0.200106187;0.148971101;0.051135085;65224;263.0846774;2.420095555;1.564721387;49149;0.753541641;16075;0.246458359;6803;7234;1288;180;213;41;36;1653;0.0;1.0;0.0;0.0;0.0;0.0;0.0;1.0;0.0;0.0;1.0;0.0;0.0;0.0
2018;RJ;Difusão do Conhecimento Científico e Tecnológico;200000.0;0.0;54794.52055;0.0;0.805;17159435;758859046.9;151852390.0;113048068.1;38804321.9;0.200106187;0.148971101;0.051135085;65224;263.0846774;2.420095555;1.564721387;49149;0.753541641;16075;0.246458359;6803;7234;1288;180;213;41;36;1653;0.0;1.0;0.0;0.0;0.0;0.0;0.0;1.0;0.0;0.0;1.0;0.0;0.0;0.0
2018;RJ;Promoção da Produção Agropecuária;13940000.0;330956.95;3819178.082;90673.13699;0.805;17159435;758859046.9;151852390.0;113048068.1;38804321.9;0.200106187;0.148971101;0.051135085;65224;263.0846774;2.420095555;1.564721387;49149;0.753541641;16075;0.246458359;6803;7234;1288;180;213;41;36;1653;0.0;1.0;0.0;0.0;0.0;0.0;0.0;1.0;0.0;0.0;0.0;0.0;1.0;0.0
2018;SP;Promoção da Produção Agropecuária;67413771.0;1221779.36;18469526.3;334734.0712;0.837;45532653;2210561949.0;442347121.7;329309848.5;113037273.2;0.200106187;0.148971101;0.051135085;188620;241.3988601;2.382735215;1.384157242;111409;0.590653165;77211;0.409346835;18281;36058;19008;5260;1858;195;539;5936;0.0;1.0;0.0;0.0;0.0;0.0;0.0;1.0;0.0;0.0;0.0;0.0;1.0;0.0
2018;SUL;Promoção da Produção Agropecuária;2000000.0;191557.75;547945.2055;52481.57534;0.807;29710321;398516816.8;79745680.48;59367489.16;20378191.32;0.200106187;0.148971101;0.051135085;853314;34.81757126;1.541798473;-0.335915059;438669;0.514076881;414645;0.485923119;124015;98051;155171;110162;17735;850;1694;15085;0.0;1.0;0.0;0.0;0.0;0.0;0.0;0.0;1.0;0.0;0.0;0.0;1.0;0.0
2018;PR;Promoção da Produção Agropecuária;136659541.0;5248126.69;37440970.14;1437842.929;0.805;11335547;440029402.9;88052605.78;65551664.84;22500940.94;0.200106187;0.148971101;0.051135085;305154;37.14697169;1.569923415;-0.316519609;167655;0.549411117;137499;0.450588883;30044;35223;63410;26217;6099;250;244;4684;0.0;1.0;0.0;0.0;0.0;0.0;0.0;0.0;1.0;0.0;0.0;0.0;1.0;0.0
2018;RS;Normatização e Fiscalização;0.0;0.0;0.0;0.0;0.797;11310970;457293957.6;91507349.98;68123584.57;23383765.41;0.200106187;0.148971101;0.051135085;365094;30.98098024;1.491095155;-0.367859937;182811;0.500723101;182283;0.499276899;58551;44802;60144;52534;8968;411;880;7050;0.0;1.0;0.0;0.0;0.0;0.0;0.0;0.0;1.0;0.0;0.0;0.0;1.0;0.0
2018;RS;Promoção da Produção Agropecuária;72781298.0;11877831.84;19940081.64;3254200.504;0.797;11310970;457293957.6;91507349.98;68123584.57;23383765.41;0.200106187;0.148971101;0.051135085;365094;30.98098024;1.491095155;-0.367859937;182811;0.500723101;182283;0.499276899;58551;44802;60144;52534;8968;411;880;7050;0.0;1.0;0.0;0.0;0.0;0.0;0.0;0.0;1.0;0.0;0.0;0.0;1.0;0.0
2018;SC;Promoção da Produção Agropecuária;62160399.0;7987951.32;17030246.3;2188479.814;0.819;7063804;298227090.0;59677085.7;44427218.09;15249867.61;0.200106187;0.148971101;0.051135085;183066;38.58610556;1.586430948;-0.304536847;88203;0.481809839;94863;0.518190161;35420;18026;31617;31411;2668;189;570;3351;0.0;1.0;0.0;0.0;0.0;0.0;0.0;0.0;1.0;0.0;0.0;0.0;1.0;0.0
2019;BR;Abastecimento;1405560000.0;185502029.8;356741116.8;47081733.45;0.774;209496463;352544598.9;72233023.25;51124832.74;21108190.51;0.204890455;0.145016639;0.059873816;5073324;41.29372833;1.615884096;-0.281992178;4047881;0.797875515;1025443;0.202124485;388077;316394;251520;134950;28302;8662;7680;52117;0.0;1.0;0.0;1.0;0.0;0.0;0.0;0.0;0.0;1.0;0.0;0.0;0.0;0.0
2019;BR;Administração Geral;522250646.0;387470431.5;132550925.4;98342749.11;0.774;209496463;352544598.9;72233023.25;51124832.74;21108190.51;0.204890455;0.145016639;0.059873816;5073324;41.29372833;1.615884096;-0.281992178;4047881;0.797875515;1025443;0.202124485;388077;316394;251520;134950;28302;8662;7680;52117;0.0;1.0;0.0;1.0;0.0;0.0;0.0;0.0;0.0;0.0;0.0;0.0;1.0;0.0
2019;BR;Assistência aos Povos Indígenas;0.0;0.0;0.0;0.0;0.774;209496463;352544598.9;72233023.25;51124832.74;21108190.51;0.204890455;0.145016639;0.059873816;5073324;41.29372833;1.615884096;-0.281992178;4047881;0.797875515;1025443;0.202124485;388077;316394;251520;134950;28302;8662;7680;52117;0.0;1.0;0.0;1.0;0.0;0.0;0.0;0.0;0.0;0.0;0.0;0.0;1.0;0.0
2019;BR;Assistência Comunitária;468040642.0;468040642.0;118792041.1;118792041.1;0.774;209496463;352544598.9;72233023.25;51124832.74;21108190.51;0.204890455;0.145016639;0.059873816;5073324;41.29372833;1.615884096;-0.281992178;4047881;0.797875515;1025443;0.202124485;388077;316394;251520;134950;28302;8662;7680;52117;1.0;0.0;0.0;1.0;0.0;0.0;0.0;0.0;0.0;0.0;0.0;0.0;1.0;0.0
2019;BR;Defesa Agropecuária;28042456.0;5648381.87;7117374.619;1433599.459;0.774;209496463;352544598.9;72233023.25;51124832.74;21108190.51;0.204890455;0.145016639;0.059873816;5073324;41.29372833;1.615884096;-0.281992178;4047881;0.797875515;1025443;0.202124485;388077;316394;251520;134950;28302;8662;7680;52117;0.0;1.0;0.0;1.0;0.0;0.0;0.0;0.0;0.0;0.0;0.0;0.0;1.0;0.0
2019;BR;Defesa Agropecuária;6750000.0;225870.21;1713197.97;57327.46447;0.774;209496463;352544598.9;72233023.25;51124832.74;21108190.51;0.204890455;0.145016639;0.059873816;5073324;41.29372833;1.615884096;-0.281992178;4047881;0.797875515;1025443;0.202124485;388077;316394;251520;134950;28302;8662;7680;52117;1.0;0.0;0.0;1.0;0.0;0.0;0.0;0.0;0.0;0.0;0.0;0.0;1.0;0.0
2019;BR;Desenvolvimento Científico;5129360.0;0.0;1301868.02;0.0;0.774;209496463;352544598.9;72233023.25;51124832.74;21108190.51;0.204890455;0.145016639;0.059873816;5073324;41.29372833;1.615884096;-0.281992178;4047881;0.797875515;1025443;0.202124485;388077;316394;251520;134950;28302;8662;7680;52117;0.0;1.0;0.0;1.0;0.0;0.0;0.0;0.0;0.0;0.0;1.0;0.0;0.0;0.0
2019;BR;Desenvolvimento Tecnológico e Engenharia;261229209.0;131479938.8;66301829.7;33370542.84;0.774;209496463;352544598.9;72233023.25;51124832.74;21108190.51;0.204890455;0.145016639;0.059873816;5073324;41.29372833;1.615884096;-0.281992178;4047881;0.797875515;1025443;0.202124485;388077;316394;251520;134950;28302;8662;7680;52117;0.0;1.0;0.0;1.0;0.0;0.0;0.0;0.0;0.0;0.0;1.0;0.0;0.0;0.0
2019;BR;Desenvolvimento Tecnológico e Engenharia;15800000.0;6470513.79;4010152.284;1642262.383;0.774;209496463;352544598.9;72233023.25;51124832.74;21108190.51;0.204890455;0.145016639;0.059873816;5073324;41.29372833;1.615884096;-0.281992178;4047881;0.797875515;1025443;0.202124485;388077;316394;251520;134950;28302;8662;7680;52117;1.0;0.0;0.0;1.0;0.0;0.0;0.0;0.0;0.0;0.0;1.0;0.0;0.0;0.0
2019;BR;Difusão do Conhecimento Científico e Tecnológico;22632842.0;6277668.06;5744376.142;1593316.766;0.774;209496463;352544598.9;72233023.25;51124832.74;21108190.51;0.204890455;0.145016639;0.059873816;5073324;41.29372833;1.615884096;-0.281992178;4047881;0.797875515;1025443;0.202124485;388077;316394;251520;134950;28302;8662;7680;52117;0.0;1.0;0.0;1.0;0.0;0.0;0.0;0.0;0.0;0.0;1.0;0.0;0.0;0.0
2019;BR;Difusão do Conhecimento Científico e Tecnológico;950000.0;630518.09;241116.7513;160029.9721;0.774;209496463;352544598.9;72233023.25;51124832.74;21108190.51;0.204890455;0.145016639;0.059873816;5073324;41.29372833;1.615884096;-0.281992178;4047881;0.797875515;1025443;0.202124485;388077;316394;251520;134950;28302;8662;7680;52117;1.0;0.0;0.0;1.0;0.0;0.0;0.0;0.0;0.0;0.0;1.0;0.0;0.0;0.0
2019;BR;Direitos Individuais, Coletivos e Difusos;630803.0;297139.51;160102.2843;75416.11929;0.774;209496463;352544598.9;72233023.25;51124832.74;21108190.51;0.204890455;0.145016639;0.059873816;5073324;41.29372833;1.615884096;-0.281992178;4047881;0.797875515;1025443;0.202124485;388077;316394;251520;134950;28302;8662;7680;52117;0.0;1.0;0.0;1.0;0.0;0.0;0.0;0.0;0.0;0.0;0.0;1.0;0.0;0.0
2019;BR;Ensino Profissional;8150000.0;2677575.22;2068527.919;679587.6193;0.774;209496463;352544598.9;72233023.25;51124832.74;21108190.51;0.204890455;0.145016639;0.059873816;5073324;41.29372833;1.615884096;-0.281992178;4047881;0.797875515;1025443;0.202124485;388077;316394;251520;134950;28302;8662;7680;52117;0.0;1.0;0.0;1.0;0.0;0.0;0.0;0.0;0.0;0.0;0.0;1.0;0.0;0.0
2019;BR;Extensão Rural;225666996.0;96497805.22;57275887.31;24491828.74;0.774;209496463;352544598.9;72233023.25;51124832.74;21108190.51;0.204890455;0.145016639;0.059873816;5073324;41.29372833;1.615884096;-0.281992178;4047881;0.797875515;1025443;0.202124485;388077;316394;251520;134950;28302;8662;7680;52117;0.0;1.0;0.0;1.0;0.0;0.0;0.0;0.0;0.0;0.0;0.0;0.0;1.0;0.0
2019;BR;Meteorologia ;30920650.0;28815120.01;7847880.711;7313482.236;0.774;209496463;352544598.9;72233023.25;51124832.74;21108190.51;0.204890455;0.145016639;0.059873816;5073324;41.29372833;1.615884096;-0.281992178;4047881;0.797875515;1025443;0.202124485;388077;316394;251520;134950;28302;8662;7680;52117;0.0;1.0;0.0;1.0;0.0;0.0;0.0;0.0;0.0;0.0;0.0;0.0;1.0;0.0
2019;BR;Meteorologia ;330000.0;299591.84;83756.34518;76038.53807;0.774;209496463;352544598.9;72233023.25;51124832.74;21108190.51;0.204890455;0.145016639;0.059873816;5073324;41.29372833;1.615884096;-0.281992178;4047881;0.797875515;1025443;0.202124485;388077;316394;251520;134950;28302;8662;7680;52117;1.0;0.0;0.0;1.0;0.0;0.0;0.0;0.0;0.0;0.0;0.0;0.0;1.0;0.0
2019;BR;Normalização e Qualidade;2764500.0;981072.35;701649.7462;249003.1345;0.774;209496463;352544598.9;72233023.25;51124832.74;21108190.51;0.204890455;0.145016639;0.059873816;5073324;41.29372833;1.615884096;-0.281992178;4047881;0.797875515;1025443;0.202124485;388077;316394;251520;134950;28302;8662;7680;52117;0.0;1.0;0.0;1.0;0.0;0.0;0.0;0.0;0.0;0.0;0.0;0.0;1.0;0.0
2019;BR;Normatização e Fiscalização;172301967.0;114176470.6;43731463.71;28978799.64;0.774;209496463;352544598.9;72233023.25;51124832.74;21108190.51;0.204890455;0.145016639;0.059873816;5073324;41.29372833;1.615884096;-0.281992178;4047881;0.797875515;1025443;0.202124485;388077;316394;251520;134950;28302;8662;7680;52117;0.0;1.0;0.0;1.0;0.0;0.0;0.0;0.0;0.0;0.0;0.0;0.0;1.0;0.0
2019;BR;Ordenamento Territorial;40022741.0;14040689.74;10158056.09;3563626.838;0.774;209496463;352544598.9;72233023.25;51124832.74;21108190.51;0.204890455;0.145016639;0.059873816;5073324;41.29372833;1.615884096;-0.281992178;4047881;0.797875515;1025443;0.202124485;388077;316394;251520;134950;28302;8662;7680;52117;0.0;1.0;0.0;1.0;0.0;0.0;0.0;0.0;0.0;0.0;0.0;1.0;0.0;0.0
2019;BR;Preservação e Conservação Ambiental;23190462.0;3299206.32;5885904.061;837362.0102;0.774;209496463;352544598.9;72233023.25;51124832.74;21108190.51;0.204890455;0.145016639;0.059873816;5073324;41.29372833;1.615884096;-0.281992178;4047881;0.797875515;1025443;0.202124485;388077;316394;251520;134950;28302;8662;7680;52117;0.0;1.0;0.0;1.0;0.0;0.0;0.0;0.0;0.0;0.0;0.0;0.0;0.0;1.0
2019;BR;Promoção Comercial;20045000.0;11340263.06;5087563.452;2878239.355;0.774;209496463;352544598.9;72233023.25;51124832.74;21108190.51;0.204890455;0.145016639;0.059873816;5073324;41.29372833;1.615884096;-0.281992178;4047881;0.797875515;1025443;0.202124485;388077;316394;251520;134950;28302;8662;7680;52117;0.0;1.0;0.0;1.0;0.0;0.0;0.0;0.0;0.0;0.0;0.0;0.0;1.0;0.0
2019;BR;Promoção da Produção Agropecuária;976174867.0;23154354.46;247760118.5;5876739.711;0.774;209496463;352544598.9;72233023.25;51124832.74;21108190.51;0.204890455;0.145016639;0.059873816;5073324;41.29372833;1.615884096;-0.281992178;4047881;0.797875515;1025443;0.202124485;388077;316394;251520;134950;28302;8662;7680;52117;0.0;1.0;0.0;1.0;0.0;0.0;0.0;0.0;0.0;0.0;0.0;0.0;1.0;0.0
2019;BR;Promoção da Produção Agropecuária;440286331.0;440262129.0;111747799.7;111741657.1;0.774;209496463;352544598.9;72233023.25;51124832.74;21108190.51;0.204890455;0.145016639;0.059873816;5073324;41.29372833;1.615884096;-0.281992178;4047881;0.797875515;1025443;0.202124485;388077;316394;251520;134950;28302;8662;7680;52117;0.0;0.0;1.0;1.0;0.0;0.0;0.0;0.0;0.0;0.0;0.0;0.0;1.0;0.0
2019;BR;Proteção e Benefícios ao Trabalhador;268538774.0;245709679.6;68157049.24;62362862.84;0.774;209496463;352544598.9;72233023.25;51124832.74;21108190.51;0.204890455;0.145016639;0.059873816;5073324;41.29372833;1.615884096;-0.281992178;4047881;0.797875515;1025443;0.202124485;388077;316394;251520;134950;28302;8662;7680;52117;0.0;1.0;0.0;1.0;0.0;0.0;0.0;0.0;0.0;0.0;0.0;0.0;1.0;0.0
2019;BR;Reforma Agrária;139692284.0;37194562.46;35454894.42;9440244.279;0.774;209496463;352544598.9;72233023.25;51124832.74;21108190.51;0.204890455;0.145016639;0.059873816;5073324;41.29372833;1.615884096;-0.281992178;4047881;0.797875515;1025443;0.202124485;388077;316394;251520;134950;28302;8662;7680;52117;0.0;1.0;0.0;1.0;0.0;0.0;0.0;0.0;0.0;0.0;0.0;1.0;0.0;0.0
2019;DF;Abastecimento;150000.0;0.0;38071.06599;0.0;0.859;3012718;273613711.5;56060837.82;39678540.76;16382297.07;0.204890455;0.145016639;0.059873816;5246;574.2886008;2.759130196;4.155920482;1211;0.230842547;4035;0.769157453;3568;418;218;163;35;7;88;42;0.0;1.0;0.0;0.0;1.0;0.0;0.0;0.0;0.0;1.0;0.0;0.0;0.0;0.0
2019;DF;Desenvolvimento Tecnológico e Engenharia;800000.0;0.0;203045.6853;0.0;0.859;3012718;273613711.5;56060837.82;39678540.76;16382297.07;0.204890455;0.145016639;0.059873816;5246;574.2886008;2.759130196;4.155920482;1211;0.230842547;4035;0.769157453;3568;418;218;163;35;7;88;42;1.0;0.0;0.0;0.0;1.0;0.0;0.0;0.0;0.0;0.0;1.0;0.0;0.0;0.0
2019;DF;Extensão Rural;2890000.0;0.0;733502.5381;0.0;0.859;3012718;273613711.5;56060837.82;39678540.76;16382297.07;0.204890455;0.145016639;0.059873816;5246;574.2886008;2.759130196;4.155920482;1211;0.230842547;4035;0.769157453;3568;418;218;163;35;7;88;42;0.0;1.0;0.0;0.0;1.0;0.0;0.0;0.0;0.0;0.0;0.0;0.0;1.0;0.0
2019;DF;Proteção e Benefícios ao Trabalhador;0.0;0.0;0.0;0.0;0.859;3012718;273613711.5;56060837.82;39678540.76;16382297.07;0.204890455;0.145016639;0.059873816;5246;574.2886008;2.759130196;4.155920482;1211;0.230842547;4035;0.769157453;3568;418;218;163;35;7;88;42;0.0;1.0;0.0;0.0;1.0;0.0;0.0;0.0;0.0;0.0;0.0;0.0;1.0;0.0
2019;DF;Reforma Agrária;0.0;0.0;0.0;0.0;0.859;3012718;273613711.5;56060837.82;39678540.76;16382297.07;0.204890455;0.145016639;0.059873816;5246;574.2886008;2.759130196;4.155920482;1211;0.230842547;4035;0.769157453;3568;418;218;163;35;7;88;42;0.0;1.0;0.0;0.0;1.0;0.0;0.0;0.0;0.0;0.0;0.0;1.0;0.0;0.0
2019;GO;Promoção da Produção Agropecuária;12462548.0;0.0;3163083.249;0.0;0.774;7020504;208672491.7;42755001.75;30260983.34;12494018.41;0.204890455;0.145016639;0.059873816;152174;46.13471421;1.664027835;-0.241684337;118755;0.780389554;33419;0.219610446;5515;18797;7421;1902;1286;80;324;1307;0.0;1.0;0.0;0.0;1.0;0.0;0.0;0.0;0.0;0.0;0.0;0.0;1.0;0.0
2019;MS;Promoção da Produção Agropecuária;41271420.0;0.0;10474979.7;0.0;0.777;2709334;106943246.4;21911650.41;15508550.13;6403100.276;0.204890455;0.145016639;0.059873816;71164;38.07169355;1.580602196;-0.308820032;48566;0.682451801;22598;0.317548199;6458;11803;3471;1065;881;73;698;795;0.0;1.0;0.0;0.0;1.0;0.0;0.0;0.0;0.0;0.0;0.0;0.0;1.0;0.0
2019;MT;Extensão Rural;250000.0;0.0;63451.77665;0.0;0.779;3430698;142122028.0;29119446.97;20610058.79;8509388.179;0.204890455;0.145016639;0.059873816;118679;28.90737199;1.461008611;-0.385125567;96681;0.81464286;21998;0.18535714;4967;12592;2083;1754;835;86;347;1087;0.0;1.0;0.0;0.0;1.0;0.0;0.0;0.0;0.0;0.0;0.0;0.0;1.0;0.0
2019;MT;Promoção da Produção Agropecuária;5510000.0;0.0;1398477.157;0.0;0.779;3430698;142122028.0;29119446.97;20610058.79;8509388.179;0.204890455;0.145016639;0.059873816;118679;28.90737199;1.461008611;-0.385125567;96681;0.81464286;21998;0.18535714;4967;12592;2083;1754;835;86;347;1087;0.0;1.0;0.0;0.0;1.0;0.0;0.0;0.0;0.0;0.0;0.0;0.0;1.0;0.0
2019;NDS;Promoção da Produção Agropecuária;1000000.0;908780.0;253807.1066;230654.8223;0.717;56927621;116418444.1;23853027.97;16882611.45;6970416.522;0.204890455;0.145016639;0.059873816;2322719;24.5090435;1.389326363;-0.421747678;2131915;0.917853171;190804;0.082146829;114425;44830;14614;4050;2016;5757;1962;13175;0.0;1.0;0.0;0.0;0.0;1.0;0.0;0.0;0.0;0.0;0.0;0.0;1.0;0.0
2019;AL;Promoção da Produção Agropecuária;4534609.0;0.0;1150915.99;0.0;0.687;3330079;58963728.73;12081105.2;8550721.748;3530383.455;0.204890455;0.145016639;0.059873816;98542;33.79349922;1.528833164;-0.344441862;92457;0.93824968;6085;0.06175032;2619;1989;1009;112;73;43;49;484;0.0;1.0;0.0;0.0;0.0;1.0;0.0;0.0;0.0;0.0;0.0;0.0;1.0;0.0
2019;BA;Difusão do Conhecimento Científico e Tecnológico;700000.0;70331.97;177664.9746;17850.75381;0.718;14853512;293240503.6;60082180.18;42524752.17;17557428.01;0.204890455;0.145016639;0.059873816;762848;19.47112924;1.289391139;-0.463695218;704292;0.923240279;58556;0.076759721;24357;17143;8380;2135;940;3544;615;5365;0.0;1.0;0.0;0.0;0.0;1.0;0.0;0.0;0.0;0.0;1.0;0.0;0.0;0.0
2019;BA;Ordenamento Territorial;3200000.0;0.0;812182.7411;0.0;0.718;14853512;293240503.6;60082180.18;42524752.17;17557428.01;0.204890455;0.145016639;0.059873816;762848;19.47112924;1.289391139;-0.463695218;704292;0.923240279;58556;0.076759721;24357;17143;8380;2135;940;3544;615;5365;0.0;1.0;0.0;0.0;0.0;1.0;0.0;0.0;0.0;0.0;0.0;0.0;1.0;0.0
2019;BA;Promoção da Produção Agropecuária;19272940.0;0.0;4891609.137;0.0;0.718;14853512;293240503.6;60082180.18;42524752.17;17557428.01;0.204890455;0.145016639;0.059873816;762848;19.47112924;1.289391139;-0.463695218;704292;0.923240279;58556;0.076759721;24357;17143;8380;2135;940;3544;615;5365;0.0;1.0;0.0;0.0;0.0;1.0;0.0;0.0;0.0;0.0;0.0;0.0;1.0;0.0
2019;CE;Ensino Profissional;0.0;0.0;0.0;0.0;0.744;9129378;163575327.2;33515023.2;23721144.13;9793879.072;0.204890455;0.145016639;0.059873816;394330;23.1516192;1.364581371;-0.433050096;351722;0.891948368;42608;0.108051632;36430;4250;940;172;177;539;186;1184;0.0;1.0;0.0;0.0;0.0;1.0;0.0;0.0;0.0;0.0;0.0;1.0;0.0;0.0
2019;CE;Promoção da Produção Agropecuária;1220774.0;0.0;309841.1168;0.0;0.744;9129378;163575327.2;33515023.2;23721144.13;9793879.072;0.204890455;0.145016639;0.059873816;394330;23.1516192;1.364581371;-0.433050096;351722;0.891948368;42608;0.108051632;36430;4250;940;172;177;539;186;1184;0.0;1.0;0.0;0.0;0.0;1.0;0.0;0.0;0.0;0.0;0.0;0.0;1.0;0.0
2019;MA;Desenvolvimento Tecnológico e Engenharia;100000.0;0.0;25380.71066;0.0;0.694;7040610;97339938.02;19944024.18;14115910.63;5828113.556;0.204890455;0.145016639;0.059873816;219765;32.03699406;1.505651761;-0.359067175;210482;0.957759425;9283;0.042240575;4367;3216;372;400;171;115;185;836;1.0;0.0;0.0;0.0;0.0;1.0;0.0;0.0;0.0;0.0;1.0;0.0;0.0;0.0
2019;MA;Promoção da Produção Agropecuária;3050000.0;0.0;774111.6751;0.0;0.694;7040610;97339938.02;19944024.18;14115910.63;5828113.556;0.204890455;0.145016639;0.059873816;219765;32.03699406;1.505651761;-0.359067175;210482;0.957759425;9283;0.042240575;4367;3216;372;400;171;115;185;836;0.0;1.0;0.0;0.0;0.0;1.0;0.0;0.0;0.0;0.0;0.0;0.0;1.0;0.0
2019;PB;Ensino Profissional;100000.0;0.0;25380.71066;0.0;0.713;3996784;67986073.55;13929697.54;9859111.867;4070585.67;0.204890455;0.145016639;0.059873816;163218;24.48739722;1.388942626;-0.421927913;134932;0.826698036;28286;0.173301964;21673;4980;1211;295;73;444;137;1104;0.0;1.0;0.0;0.0;0.0;1.0;0.0;0.0;0.0;0.0;0.0;1.0;0.0;0.0
2019;PB;Promoção da Produção Agropecuária;11394800.0;150000.0;2892081.218;38071.06599;0.713;3996784;67986073.55;13929697.54;9859111.867;4070585.67;0.204890455;0.145016639;0.059873816;163218;24.48739722;1.388942626;-0.421927913;134932;0.826698036;28286;0.173301964;21673;4980;1211;295;73;444;137;1104;0.0;1.0;0.0;0.0;0.0;1.0;0.0;0.0;0.0;0.0;0.0;0.0;1.0;0.0
2019;PE;Administração Geral;250000.0;0.0;63451.77665;0.0;0.74;9499409;197853378.5;40538268.73;28692031.91;11846236.81;0.204890455;0.145016639;0.059873816;281688;33.72315825;1.52792824;-0.345027547;262693;0.932567238;18995;0.067432762;9750;4954;1392;569;322;889;83;2089;0.0;1.0;0.0;0.0;0.0;1.0;0.0;0.0;0.0;1.0;0.0;0.0;0.0;0.0
2019;PE;Promoção da Produção Agropecuária;52831579.0;0.0;13409030.2;0.0;0.74;9499409;197853378.5;40538268.73;28692031.91;11846236.81;0.204890455;0.145016639;0.059873816;281688;33.72315825;1.52792824;-0.345027547;262693;0.932567238;18995;0.067432762;9750;4954;1392;569;322;889;83;2089;0.0;1.0;0.0;0.0;0.0;1.0;0.0;0.0;0.0;0.0;0.0;0.0;1.0;0.0
2019;PE;Reforma Agrária;1000000.0;0.0;253807.1066;0.0;0.74;9499409;197853378.5;40538268.73;28692031.91;11846236.81;0.204890455;0.145016639;0.059873816;281688;33.72315825;1.52792824;-0.345027547;262693;0.932567238;18995;0.067432762;9750;4954;1392;569;322;889;83;2089;0.0;1.0;0.0;0.0;0.0;1.0;0.0;0.0;0.0;0.0;0.0;1.0;0.0;0.0
2019;PI;Ordenamento Territorial;450000.0;0.0;114213.198;0.0;0.706;3272447;52780784.69;10814278.99;7654091.986;3160187.0;0.204890455;0.145016639;0.059873816;245601;13.32424135;1.124642491;-0.514876482;237127;0.965496883;8474;0.034503117;4304;2578;574;105;96;100;263;972;0.0;1.0;0.0;0.0;0.0;1.0;0.0;0.0;0.0;0.0;0.0;0.0;1.0;0.0
2019;PI;Promoção da Produção Agropecuária;3950000.0;0.0;1002538.071;0.0;0.706;3272447;52780784.69;10814278.99;7654091.986;3160187.0;0.204890455;0.145016639;0.059873816;245601;13.32424135;1.124642491;-0.514876482;237127;0.965496883;8474;0.034503117;4304;2578;574;105;96;100;263;972;0.0;1.0;0.0;0.0;0.0;1.0;0.0;0.0;0.0;0.0;0.0;0.0;1.0;0.0
2019;RN;Promoção da Produção Agropecuária;2490000.0;250000.0;631979.6954;63451.77665;0.742;3506853;71336780.17;14616225.34;10345020.08;4271205.263;0.204890455;0.145016639;0.059873816;63452;55.26780874;1.742472246;-0.16563881;53247;0.839169766;10205;0.160830234;5484;3478;522;115;102;71;397;750;0.0;1.0;0.0;0.0;0.0;1.0;0.0;0.0;0.0;0.0;0.0;0.0;1.0;0.0
2019;SE;Promoção da Produção Agropecuária;2880000.0;0.0;730964.467;0.0;0.705;2298549;44689482.88;9156448.477;6480718.594;2675729.883;0.204890455;0.145016639;0.059873816;93275;24.64271241;1.391688509;-0.420634702;84963;0.910887162;8312;0.089112838;5441;2242;214;147;62;12;47;391;0.0;1.0;0.0;0.0;0.0;1.0;0.0;0.0;0.0;0.0;0.0;0.0;1.0;0.0
2019;SE;Reforma Agrária;200000.0;0.0;50761.42132;0.0;0.705;2298549;44689482.88;9156448.477;6480718.594;2675729.883;0.204890455;0.145016639;0.059873816;93275;24.64271241;1.391688509;-0.420634702;84963;0.910887162;8312;0.089112838;5441;2242;214;147;62;12;47;391;0.0;1.0;0.0;0.0;0.0;1.0;0.0;0.0;0.0;0.0;0.0;1.0;0.0;0.0
2019;NOR;Extensão Rural;250000000.0;0.01;63451776.65;0.002538071;0.734;18113187;60060608.1;12305845.32;8709787.507;3596057.809;0.204890455;0.145016639;0.059873816;580613;31.19666112;1.494108115;-0.366064098;520262;0.896056409;60351;0.103943591;40224;14637;2223;1625;822;797;719;2725;0.0;1.0;0.0;0.0;0.0;0.0;1.0;0.0;0.0;0.0;0.0;0.0;1.0;0.0
2019;NOR;Ordenamento Territorial;10430670.0;3924502.34;2647378.173;996066.5838;0.734;18113187;60060608.1;12305845.32;8709787.507;3596057.809;0.204890455;0.145016639;0.059873816;580613;31.19666112;1.494108115;-0.366064098;520262;0.896056409;60351;0.103943591;40224;14637;2223;1625;822;797;719;2725;0.0;1.0;0.0;0.0;0.0;0.0;1.0;0.0;0.0;0.0;0.0;0.0;1.0;0.0
2019;AC;Desenvolvimento Tecnológico e Engenharia;700000.0;0.0;177664.9746;0.0;0.739;865422;15630016.94;3202441.281;2266612.52;935828.7611;0.204890455;0.145016639;0.059873816;37356;23.16688082;1.364867565;-0.432923022;33086;0.8856944;4270;0.1143056;2904;953;146;114;19;315;104;175;0.0;1.0;0.0;0.0;0.0;0.0;1.0;0.0;0.0;0.0;1.0;0.0;0.0;0.0
2019;AC;Difusão do Conhecimento Científico e Tecnológico;843137.0;12357.66;213994.1624;3136.461929;0.739;865422;15630016.94;3202441.281;2266612.52;935828.7611;0.204890455;0.145016639;0.059873816;37356;23.16688082;1.364867565;-0.432923022;33086;0.8856944;4270;0.1143056;2904;953;146;114;19;315;104;175;0.0;1.0;0.0;0.0;0.0;0.0;1.0;0.0;0.0;0.0;1.0;0.0;0.0;0.0
2019;AC;Ordenamento Territorial;1900387.0;0.0;482331.7259;0.0;0.739;865422;15630016.94;3202441.281;2266612.52;935828.7611;0.204890455;0.145016639;0.059873816;37356;23.16688082;1.364867565;-0.432923022;33086;0.8856944;4270;0.1143056;2904;953;146;114;19;315;104;175;0.0;1.0;0.0;0.0;0.0;0.0;1.0;0.0;0.0;0.0;0.0;0.0;1.0;0.0
2019;AC;Promoção da Produção Agropecuária;1200000.0;0.0;304568.5279;0.0;0.739;865422;15630016.94;3202441.281;2266612.52;935828.7611;0.204890455;0.145016639;0.059873816;37356;23.16688082;1.364867565;-0.432923022;33086;0.8856944;4270;0.1143056;2904;953;146;114;19;315;104;175;0.0;1.0;0.0;0.0;0.0;0.0;1.0;0.0;0.0;0.0;0.0;0.0;1.0;0.0
2019;AC;Reforma Agrária;1200000.0;0.0;304568.5279;0.0;0.739;865422;15630016.94;3202441.281;2266612.52;935828.7611;0.204890455;0.145016639;0.059873816;37356;23.16688082;1.364867565;-0.432923022;33086;0.8856944;4270;0.1143056;2904;953;146;114;19;315;104;175;0.0;1.0;0.0;0.0;0.0;0.0;1.0;0.0;0.0;0.0;0.0;1.0;0.0;0.0
2019;AM;Normatização e Fiscalização;120000.0;0.0;30456.85279;0.0;0.726;3983005;108181091.0;22165272.95;15688058.19;6477214.757;0.204890455;0.145016639;0.059873816;80959;49.19780383;1.691945716;-0.216179918;71267;0.880285083;9692;0.119714917;8092;1137;248;54;43;145;20;412;0.0;1.0;0.0;0.0;0.0;0.0;1.0;0.0;0.0;0.0;0.0;0.0;1.0;0.0
2019;AM;Promoção da Produção Agropecuária;3100000.0;0.0;786802.0305;0.0;0.726;3983005;108181091.0;22165272.95;15688058.19;6477214.757;0.204890455;0.145016639;0.059873816;80959;49.19780383;1.691945716;-0.216179918;71267;0.880285083;9692;0.119714917;8092;1137;248;54;43;145;20;412;0.0;1.0;0.0;0.0;0.0;0.0;1.0;0.0;0.0;0.0;0.0;0.0;1.0;0.0
2019;AP;Desenvolvimento Tecnológico e Engenharia;500000.0;0.0;126903.5533;0.0;0.737;837575;17496661.07;3584898.846;2537306.978;1047591.869;0.204890455;0.145016639;0.059873816;8507;98.45715293;1.993247273;0.193971661;7214;0.848007523;1293;0.151992477;1125;132;14;8;12;1;45;35;0.0;1.0;0.0;0.0;0.0;0.0;1.0;0.0;0.0;0.0;1.0;0.0;0.0;0.0
2019;AP;Difusão do Conhecimento Científico e Tecnológico;300000.0;0.0;76142.13198;0.0;0.737;837575;17496661.07;3584898.846;2537306.978;1047591.869;0.204890455;0.145016639;0.059873816;8507;98.45715293;1.993247273;0.193971661;7214;0.848007523;1293;0.151992477;1125;132;14;8;12;1;45;35;0.0;1.0;0.0;0.0;0.0;0.0;1.0;0.0;0.0;0.0;1.0;0.0;0.0;0.0
2019;AP;Promoção da Produção Agropecuária;300000.0;0.0;76142.13198;0.0;0.737;837575;17496661.07;3584898.846;2537306.978;1047591.869;0.204890455;0.145016639;0.059873816;8507;98.45715293;1.993247273;0.193971661;7214;0.848007523;1293;0.151992477;1125;132;14;8;12;1;45;35;0.0;1.0;0.0;0.0;0.0;0.0;1.0;0.0;0.0;0.0;0.0;0.0;1.0;0.0
2019;PA;Difusão do Conhecimento Científico e Tecnológico;1000000.0;217671.75;253807.1066;55246.63706;0.704;8561098;178376983.5;36547741.3;25867630.58;10680110.72;0.204890455;0.145016639;0.059873816;281699;30.3909421;1.482744163;-0.372772813;264830;0.940116933;16869;0.059883067;8848;5051;1108;756;353;256;129;1141;0.0;1.0;0.0;0.0;0.0;0.0;1.0;0.0;0.0;0.0;1.0;0.0;0.0;0.0
2019;PA;Promoção da Produção Agropecuária;9525774.0;0.0;2417709.137;0.0;0.704;8561098;178376983.5;36547741.3;25867630.58;10680110.72;0.204890455;0.145016639;0.059873816;281699;30.3909421;1.482744163;-0.372772813;264830;0.940116933;16869;0.059883067;8848;5051;1108;756;353;256;129;1141;0.0;1.0;0.0;0.0;0.0;0.0;1.0;0.0;0.0;0.0;0.0;0.0;1.0;0.0
2019;PA;Reforma Agrária;7262387.0;0.0;1843245.431;0.0;0.704;8561098;178376983.5;36547741.3;25867630.58;10680110.72;0.204890455;0.145016639;0.059873816;281699;30.3909421;1.482744163;-0.372772813;264830;0.940116933;16869;0.059883067;8848;5051;1108;756;353;256;129;1141;0.0;1.0;0.0;0.0;0.0;0.0;1.0;0.0;0.0;0.0;0.0;1.0;0.0;0.0
2019;RO;Extensão Rural;200000.0;0.0;50761.42132;0.0;0.73;1766689;47091335.81;9648565.217;6829027.233;2819537.984;0.204890455;0.145016639;0.059873816;91438;19.32116844;1.286033387;-0.464943847;74338;0.812988036;17100;0.187011964;13029;3343;384;456;197;62;35;446;0.0;1.0;0.0;0.0;0.0;0.0;1.0;0.0;0.0;0.0;0.0;0.0;1.0;0.0
2019;RO;Promoção da Produção Agropecuária;48400000.0;0.0;12284263.96;0.0;0.73;1766689;47091335.81;9648565.217;6829027.233;2819537.984;0.204890455;0.145016639;0.059873816;91438;19.32116844;1.286033387;-0.464943847;74338;0.812988036;17100;0.187011964;13029;3343;384;456;197;62;35;446;0.0;1.0;0.0;0.0;0.0;0.0;1.0;0.0;0.0;0.0;0.0;0.0;1.0;0.0
2019;RR;Promoção da Produção Agropecuária;3990000.0;0.0;1012690.355;0.0;0.749;539741;14292227.13;2928340.918;2072610.739;855730.18;0.204890455;0.145016639;0.059873816;16846;32.03971269;1.505688613;-0.359044538;14619;0.867802446;2227;0.132197554;1498;638;37;16;26;6;110;91;0.0;1.0;0.0;0.0;0.0;0.0;1.0;0.0;0.0;0.0;0.0;0.0;1.0;0.0
2019;TO;Promoção da Produção Agropecuária;36320310.0;0.0;9218352.792;0.0;0.751;1559657;39355941.22;8063656.7;5707266.31;2356390.39;0.204890455;0.145016639;0.059873816;63808;24.44296953;1.388153966;-0.422297835;54908;0.860519057;8900;0.139480943;4728;3383;286;221;172;12;276;425;0.0;1.0;0.0;0.0;0.0;0.0;1.0;0.0;0.0;0.0;0.0;0.0;1.0;0.0
2019;ES;Promoção da Produção Agropecuária;29865657.0;0.0;7580115.99;0.0;0.793;4014926;137345595.4;28140801.52;19917396.59;8223404.932;0.204890455;0.145016639;0.059873816;108014;37.17042235;1.570197496;-0.31632435;82693;0.765576685;25321;0.234423315;8895;7833;7305;1312;403;44;354;1701;0.0;1.0;0.0;0.0;0.0;0.0;0.0;1.0;0.0;0.0;0.0;0.0;1.0;0.0
2019;ES;Reforma Agrária;190000.0;0.0;48223.35025;0.0;0.793;4014926;137345595.4;28140801.52;19917396.59;8223404.932;0.204890455;0.145016639;0.059873816;108014;37.17042235;1.570197496;-0.31632435;82693;0.765576685;25321;0.234423315;8895;7833;7305;1312;403;44;354;1701;0.0;1.0;0.0;0.0;0.0;0.0;0.0;1.0;0.0;0.0;0.0;1.0;0.0;0.0
2019;MG;Ensino Profissional;100000.0;0.0;25380.71066;0.0;0.793;21158152;651872684.4;133562490.9;94532385.58;39030105.28;0.204890455;0.145016639;0.059873816;607557;34.82496622;1.541890704;-0.335853486;448571;0.738319203;158986;0.261680797;54926;64141;38718;7477;2218;732;919;8611;0.0;1.0;0.0;0.0;0.0;0.0;0.0;1.0;0.0;0.0;0.0;1.0;0.0;0.0
2019;MG;Extensão Rural;100000.0;0.0;25380.71066;0.0;0.793;21158152;651872684.4;133562490.9;94532385.58;39030105.28;0.204890455;0.145016639;0.059873816;607557;34.82496622;1.541890704;-0.335853486;448571;0.738319203;158986;0.261680797;54926;64141;38718;7477;2218;732;919;8611;0.0;1.0;0.0;0.0;0.0;0.0;0.0;1.0;0.0;0.0;0.0;0.0;1.0;0.0
2019;MG;Ordenamento Territorial;1400000.0;0.0;355329.9492;0.0;0.793;21158152;651872684.4;133562490.9;94532385.58;39030105.28;0.204890455;0.145016639;0.059873816;607557;34.82496622;1.541890704;-0.335853486;448571;0.738319203;158986;0.261680797;54926;64141;38718;7477;2218;732;919;8611;0.0;1.0;0.0;0.0;0.0;0.0;0.0;1.0;0.0;0.0;0.0;0.0;1.0;0.0
2019;MG;Promoção da Produção Agropecuária;68592161.0;0.0;17409177.92;0.0;0.793;21158152;651872684.4;133562490.9;94532385.58;39030105.28;0.204890455;0.145016639;0.059873816;607557;34.82496622;1.541890704;-0.335853486;448571;0.738319203;158986;0.261680797;54926;64141;38718;7477;2218;732;919;8611;0.0;1.0;0.0;0.0;0.0;0.0;0.0;1.0;0.0;0.0;0.0;0.0;1.0;0.0
2019;MG;Reforma Agrária;100000.0;0.0;25380.71066;0.0;0.793;21158152;651872684.4;133562490.9;94532385.58;39030105.28;0.204890455;0.145016639;0.059873816;607557;34.82496622;1.541890704;-0.335853486;448571;0.738319203;158986;0.261680797;54926;64141;38718;7477;2218;732;919;8611;0.0;1.0;0.0;0.0;0.0;0.0;0.0;1.0;0.0;0.0;0.0;1.0;0.0;0.0
2019;RJ;Desenvolvimento Tecnológico e Engenharia;1000000.0;18918.58;253807.1066;4801.670051;0.809;17264410;779927917.1;159799785.7;113102525.0;46697260.74;0.204890455;0.145016639;0.059873816;65224;264.694131;2.422744312;1.578122293;49149;0.753541641;16075;0.246458359;6803;7234;1288;180;213;41;36;1653;0.0;1.0;0.0;0.0;0.0;0.0;0.0;1.0;0.0;0.0;1.0;0.0;0.0;0.0
2019;RJ;Extensão Rural;200000.0;0.0;50761.42132;0.0;0.809;17264410;779927917.1;159799785.7;113102525.0;46697260.74;0.204890455;0.145016639;0.059873816;65224;264.694131;2.422744312;1.578122293;49149;0.753541641;16075;0.246458359;6803;7234;1288;180;213;41;36;1653;0.0;1.0;0.0;0.0;0.0;0.0;0.0;1.0;0.0;0.0;0.0;0.0;1.0;0.0
2019;RJ;Promoção da Produção Agropecuária;5180000.0;0.0;1314720.812;0.0;0.809;17264410;779927917.1;159799785.7;113102525.0;46697260.74;0.204890455;0.145016639;0.059873816;65224;264.694131;2.422744312;1.578122293;49149;0.753541641;16075;0.246458359;6803;7234;1288;180;213;41;36;1653;0.0;1.0;0.0;0.0;0.0;0.0;0.0;1.0;0.0;0.0;0.0;0.0;1.0;0.0
2019;SP;Desenvolvimento Tecnológico e Engenharia;668955.0;0.0;169785.533;0.0;0.845;45912673;2348338000.0;481152041.1;340548083.4;140603957.7;0.204890455;0.145016639;0.059873816;188620;243.4135988;2.386344837;1.400932702;111409;0.590653165;77211;0.409346835;18281;36058;19008;5260;1858;195;539;5936;0.0;1.0;0.0;0.0;0.0;0.0;0.0;1.0;0.0;0.0;1.0;0.0;0.0;0.0
2019;SP;Difusão do Conhecimento Científico e Tecnológico;150000.0;149413.81;38071.06599;37922.2868;0.845;45912673;2348338000.0;481152041.1;340548083.4;140603957.7;0.204890455;0.145016639;0.059873816;188620;243.4135988;2.386344837;1.400932702;111409;0.590653165;77211;0.409346835;18281;36058;19008;5260;1858;195;539;5936;0.0;1.0;0.0;0.0;0.0;0.0;0.0;1.0;0.0;0.0;1.0;0.0;0.0;0.0
2019;SP;Extensão Rural;500000.0;0.0;126903.5533;0.0;0.845;45912673;2348338000.0;481152041.1;340548083.4;140603957.7;0.204890455;0.145016639;0.059873816;188620;243.4135988;2.386344837;1.400932702;111409;0.590653165;77211;0.409346835;18281;36058;19008;5260;1858;195;539;5936;0.0;1.0;0.0;0.0;0.0;0.0;0.0;1.0;0.0;0.0;0.0;0.0;1.0;0.0
2019;SP;Ordenamento Territorial;1050000.0;0.0;266497.4619;0.0;0.845;45912673;2348338000.0;481152041.1;340548083.4;140603957.7;0.204890455;0.145016639;0.059873816;188620;243.4135988;2.386344837;1.400932702;111409;0.590653165;77211;0.409346835;18281;36058;19008;5260;1858;195;539;5936;0.0;1.0;0.0;0.0;0.0;0.0;0.0;1.0;0.0;0.0;0.0;0.0;1.0;0.0
2019;SP;Promoção da Produção Agropecuária;14122760.0;0.0;3584456.853;0.0;0.845;45912673;2348338000.0;481152041.1;340548083.4;140603957.7;0.204890455;0.145016639;0.059873816;188620;243.4135988;2.386344837;1.400932702;111409;0.590653165;77211;0.409346835;18281;36058;19008;5260;1858;195;539;5936;0.0;1.0;0.0;0.0;0.0;0.0;0.0;1.0;0.0;0.0;0.0;0.0;1.0;0.0
2019;SP;Reforma Agrária;100000.0;0.0;25380.71066;0.0;0.845;45912673;2348338000.0;481152041.1;340548083.4;140603957.7;0.204890455;0.145016639;0.059873816;188620;243.4135988;2.386344837;1.400932702;111409;0.590653165;77211;0.409346835;18281;36058;19008;5260;1858;195;539;5936;0.0;1.0;0.0;0.0;0.0;0.0;0.0;1.0;0.0;0.0;0.0;1.0;0.0;0.0
2019;PR;Extensão Rural;350000.0;0.0;88832.48731;0.0;0.807;11420565;466377036.4;95556203.15;67632430.2;27923772.95;0.204890455;0.145016639;0.059873816;305154;37.42557856;1.573168523;-0.314199825;167655;0.549411117;137499;0.450588883;30044;35223;63410;26217;6099;250;244;4684;0.0;1.0;0.0;0.0;0.0;0.0;0.0;0.0;1.0;0.0;0.0;0.0;1.0;0.0
2019;PR;Ordenamento Territorial;1730137.0;0.0;439121.066;0.0;0.807;11420565;466377036.4;95556203.15;67632430.2;27923772.95;0.204890455;0.145016639;0.059873816;305154;37.42557856;1.573168523;-0.314199825;167655;0.549411117;137499;0.450588883;30044;35223;63410;26217;6099;250;244;4684;0.0;1.0;0.0;0.0;0.0;0.0;0.0;0.0;1.0;0.0;0.0;0.0;1.0;0.0
2019;PR;Promoção da Produção Agropecuária;87208192.0;1000000.0;22134058.88;253807.1066;0.807;11420565;466377036.4;95556203.15;67632430.2;27923772.95;0.204890455;0.145016639;0.059873816;305154;37.42557856;1.573168523;-0.314199825;167655;0.549411117;137499;0.450588883;30044;35223;63410;26217;6099;250;244;4684;0.0;1.0;0.0;0.0;0.0;0.0;0.0;0.0;1.0;0.0;0.0;0.0;1.0;0.0
2019;RS;Difusão do Conhecimento Científico e Tecnológico;200000.0;61678.5;50761.42132;15654.44162;0.801;11358646;482464177.5;98852304.81;69965333.33;28886971.48;0.204890455;0.145016639;0.059873816;365094;31.11156579;1.492921869;-0.366772633;182811;0.500723101;182283;0.499276899;58551;44802;60144;52534;8968;411;880;7050;0.0;1.0;0.0;0.0;0.0;0.0;0.0;0.0;1.0;0.0;1.0;0.0;0.0;0.0
2019;RS;Extensão Rural;600000.0;0.0;152284.264;0.0;0.801;11358646;482464177.5;98852304.81;69965333.33;28886971.48;0.204890455;0.145016639;0.059873816;365094;31.11156579;1.492921869;-0.366772633;182811;0.500723101;182283;0.499276899;58551;44802;60144;52534;8968;411;880;7050;0.0;1.0;0.0;0.0;0.0;0.0;0.0;0.0;1.0;0.0;0.0;0.0;1.0;0.0
2019;RS;Ordenamento Territorial;2500000.0;0.0;634517.7665;0.0;0.801;11358646;482464177.5;98852304.81;69965333.33;28886971.48;0.204890455;0.145016639;0.059873816;365094;31.11156579;1.492921869;-0.366772633;182811;0.500723101;182283;0.499276899;58551;44802;60144;52534;8968;411;880;7050;0.0;1.0;0.0;0.0;0.0;0.0;0.0;0.0;1.0;0.0;0.0;0.0;1.0;0.0
2019;RS;Promoção da Produção Agropecuária;63066847.0;0.0;16006813.96;0.0;0.801;11358646;482464177.5;98852304.81;69965333.33;28886971.48;0.204890455;0.145016639;0.059873816;365094;31.11156579;1.492921869;-0.366772633;182811;0.500723101;182283;0.499276899;58551;44802;60144;52534;8968;411;880;7050;0.0;1.0;0.0;0.0;0.0;0.0;0.0;0.0;1.0;0.0;0.0;0.0;1.0;0.0
2019;RS;Reforma Agrária;300000.0;0.0;76142.13198;0.0;0.801;11358646;482464177.5;98852304.81;69965333.33;28886971.48;0.204890455;0.145016639;0.059873816;365094;31.11156579;1.492921869;-0.366772633;182811;0.500723101;182283;0.499276899;58551;44802;60144;52534;8968;411;880;7050;0.0;1.0;0.0;0.0;0.0;0.0;0.0;0.0;1.0;0.0;0.0;1.0;0.0;0.0
2019;SC;Ordenamento Territorial;1350000.0;0.0;342639.5939;0.0;0.826;7153029;323263857.4;66233678.8;46878638.03;19355040.78;0.204890455;0.145016639;0.059873816;183066;39.07349808;1.591882293;-0.300478637;88203;0.481809839;94863;0.518190161;35420;18026;31617;31411;2668;189;570;3351;0.0;1.0;0.0;0.0;0.0;0.0;0.0;0.0;1.0;0.0;0.0;0.0;1.0;0.0
2019;SC;Promoção da Produção Agropecuária;45714257.0;0.0;11602603.3;0.0;0.826;7153029;323263857.4;66233678.8;46878638.03;19355040.78;0.204890455;0.145016639;0.059873816;183066;39.07349808;1.591882293;-0.300478637;88203;0.481809839;94863;0.518190161;35420;18026;31617;31411;2668;189;570;3351;0.0;1.0;0.0;0.0;0.0;0.0;0.0;0.0;1.0;0.0;0.0;0.0;1.0;0.0
2020;BR;Abastecimento;1405616344.0;150050239.8;272406268.2;29079503.84;0.764;211096453;362054324.7;93612137.08;65823629.65;27788507.43;0.258558262;0.181805948;0.076752315;5073324;41.60910145;1.619188337;-0.279366264;4047881;0.797875515;1025443;0.202124485;388077;316394;251520;134950;28302;8662;7680;52117;0.0;1.0;0.0;1.0;0.0;0.0;0.0;0.0;0.0;1.0;0.0;0.0;0.0;0.0
2020;BR;Administração Geral;414904262.0;317782410.8;80407802.71;61585738.53;0.764;211096453;362054324.7;93612137.08;65823629.65;27788507.43;0.258558262;0.181805948;0.076752315;5073324;41.60910145;1.619188337;-0.279366264;4047881;0.797875515;1025443;0.202124485;388077;316394;251520;134950;28302;8662;7680;52117;0.0;1.0;0.0;1.0;0.0;0.0;0.0;0.0;0.0;0.0;0.0;0.0;1.0;0.0
2020;BR;Assistência Comunitária;468040642.0;468040642.0;90705550.78;90705550.78;0.764;211096453;362054324.7;93612137.08;65823629.65;27788507.43;0.258558262;0.181805948;0.076752315;5073324;41.60910145;1.619188337;-0.279366264;4047881;0.797875515;1025443;0.202124485;388077;316394;251520;134950;28302;8662;7680;52117;0.0;0.0;1.0;1.0;0.0;0.0;0.0;0.0;0.0;0.0;0.0;0.0;1.0;0.0
2020;BR;Defesa Agropecuária;21569939.0;9634982.66;4180220.736;1867244.702;0.764;211096453;362054324.7;93612137.08;65823629.65;27788507.43;0.258558262;0.181805948;0.076752315;5073324;41.60910145;1.619188337;-0.279366264;4047881;0.797875515;1025443;0.202124485;388077;316394;251520;134950;28302;8662;7680;52117;0.0;1.0;0.0;1.0;0.0;0.0;0.0;0.0;0.0;0.0;0.0;0.0;1.0;0.0
2020;BR;Desenvolvimento Científico;3972655.0;0.0;769894.3798;0.0;0.764;211096453;362054324.7;93612137.08;65823629.65;27788507.43;0.258558262;0.181805948;0.076752315;5073324;41.60910145;1.619188337;-0.279366264;4047881;0.797875515;1025443;0.202124485;388077;316394;251520;134950;28302;8662;7680;52117;0.0;1.0;0.0;1.0;0.0;0.0;0.0;0.0;0.0;0.0;1.0;0.0;0.0;0.0
2020;BR;Desenvolvimento Tecnológico e Engenharia;197263687.0;72070282.85;38229396.71;13967109.08;0.764;211096453;362054324.7;93612137.08;65823629.65;27788507.43;0.258558262;0.181805948;0.076752315;5073324;41.60910145;1.619188337;-0.279366264;4047881;0.797875515;1025443;0.202124485;388077;316394;251520;134950;28302;8662;7680;52117;0.0;1.0;0.0;1.0;0.0;0.0;0.0;0.0;0.0;0.0;1.0;0.0;0.0;0.0
2020;BR;Difusão do Conhecimento Científico e Tecnológico;27516605.0;13823122.92;5332675.388;2678899.791;0.764;211096453;362054324.7;93612137.08;65823629.65;27788507.43;0.258558262;0.181805948;0.076752315;5073324;41.60910145;1.619188337;-0.279366264;4047881;0.797875515;1025443;0.202124485;388077;316394;251520;134950;28302;8662;7680;52117;0.0;1.0;0.0;1.0;0.0;0.0;0.0;0.0;0.0;0.0;1.0;0.0;0.0;0.0
2020;BR;Direitos Individuais, Coletivos e Difusos;949378.0;360738.42;183987.9845;69910.54651;0.764;211096453;362054324.7;93612137.08;65823629.65;27788507.43;0.258558262;0.181805948;0.076752315;5073324;41.60910145;1.619188337;-0.279366264;4047881;0.797875515;1025443;0.202124485;388077;316394;251520;134950;28302;8662;7680;52117;0.0;1.0;0.0;1.0;0.0;0.0;0.0;0.0;0.0;0.0;0.0;1.0;0.0;0.0
2020;BR;Ensino Profissional;25276152.0;2959269.8;4898479.07;573501.8992;0.764;211096453;362054324.7;93612137.08;65823629.65;27788507.43;0.258558262;0.181805948;0.076752315;5073324;41.60910145;1.619188337;-0.279366264;4047881;0.797875515;1025443;0.202124485;388077;316394;251520;134950;28302;8662;7680;52117;0.0;1.0;0.0;1.0;0.0;0.0;0.0;0.0;0.0;0.0;0.0;1.0;0.0;0.0
2020;BR;Extensão Rural;87249553.0;25918152.13;16908828.1;5022897.7;0.764;211096453;362054324.7;93612137.08;65823629.65;27788507.43;0.258558262;0.181805948;0.076752315;5073324;41.60910145;1.619188337;-0.279366264;4047881;0.797875515;1025443;0.202124485;388077;316394;251520;134950;28302;8662;7680;52117;0.0;1.0;0.0;1.0;0.0;0.0;0.0;0.0;0.0;0.0;0.0;1.0;0.0;0.0
2020;BR;Meteorologia ;26169001.0;24247309.69;5071511.822;4699091.025;0.764;211096453;362054324.7;93612137.08;65823629.65;27788507.43;0.258558262;0.181805948;0.076752315;5073324;41.60910145;1.619188337;-0.279366264;4047881;0.797875515;1025443;0.202124485;388077;316394;251520;134950;28302;8662;7680;52117;0.0;1.0;0.0;1.0;0.0;0.0;0.0;0.0;0.0;0.0;0.0;0.0;1.0;0.0
2020;BR;Meteorologia ;229555.0;216338.64;44487.4031;41926.09302;0.764;211096453;362054324.7;93612137.08;65823629.65;27788507.43;0.258558262;0.181805948;0.076752315;5073324;41.60910145;1.619188337;-0.279366264;4047881;0.797875515;1025443;0.202124485;388077;316394;251520;134950;28302;8662;7680;52117;1.0;0.0;0.0;1.0;0.0;0.0;0.0;0.0;0.0;0.0;0.0;0.0;1.0;0.0
2020;BR;Normatização e Fiscalização;155871797.0;85845331.59;30207712.6;16636692.17;0.764;211096453;362054324.7;93612137.08;65823629.65;27788507.43;0.258558262;0.181805948;0.076752315;5073324;41.60910145;1.619188337;-0.279366264;4047881;0.797875515;1025443;0.202124485;388077;316394;251520;134950;28302;8662;7680;52117;0.0;1.0;0.0;1.0;0.0;0.0;0.0;0.0;0.0;0.0;0.0;0.0;1.0;0.0
2020;BR;Ordenamento Territorial;23340328.0;14954555.32;4523319.38;2898169.636;0.764;211096453;362054324.7;93612137.08;65823629.65;27788507.43;0.258558262;0.181805948;0.076752315;5073324;41.60910145;1.619188337;-0.279366264;4047881;0.797875515;1025443;0.202124485;388077;316394;251520;134950;28302;8662;7680;52117;0.0;1.0;0.0;1.0;0.0;0.0;0.0;0.0;0.0;0.0;0.0;1.0;0.0;0.0
2020;BR;Preservação e Conservação Ambiental;24121485.0;18415352.4;4674706.395;3568866.744;0.764;211096453;362054324.7;93612137.08;65823629.65;27788507.43;0.258558262;0.181805948;0.076752315;5073324;41.60910145;1.619188337;-0.279366264;4047881;0.797875515;1025443;0.202124485;388077;316394;251520;134950;28302;8662;7680;52117;0.0;1.0;0.0;1.0;0.0;0.0;0.0;0.0;0.0;0.0;0.0;0.0;0.0;1.0
2020;BR;Promoção Comercial;11450984.0;9533710.03;2219182.946;1847618.223;0.764;211096453;362054324.7;93612137.08;65823629.65;27788507.43;0.258558262;0.181805948;0.076752315;5073324;41.60910145;1.619188337;-0.279366264;4047881;0.797875515;1025443;0.202124485;388077;316394;251520;134950;28302;8662;7680;52117;0.0;1.0;0.0;1.0;0.0;0.0;0.0;0.0;0.0;0.0;0.0;0.0;1.0;0.0
2020;BR;Promoção da Produção Agropecuária;995263924.0;37598371.27;192880605.4;7286506.06;0.764;211096453;362054324.7;93612137.08;65823629.65;27788507.43;0.258558262;0.181805948;0.076752315;5073324;41.60910145;1.619188337;-0.279366264;4047881;0.797875515;1025443;0.202124485;388077;316394;251520;134950;28302;8662;7680;52117;0.0;1.0;0.0;1.0;0.0;0.0;0.0;0.0;0.0;0.0;0.0;0.0;1.0;0.0
2020;BR;Promoção da Produção Agropecuária;885367852.0;880998686.9;171582917.1;170736179.6;0.764;211096453;362054324.7;93612137.08;65823629.65;27788507.43;0.258558262;0.181805948;0.076752315;5073324;41.60910145;1.619188337;-0.279366264;4047881;0.797875515;1025443;0.202124485;388077;316394;251520;134950;28302;8662;7680;52117;0.0;0.0;1.0;1.0;0.0;0.0;0.0;0.0;0.0;0.0;0.0;0.0;1.0;0.0
2020;BR;Proteção e Benefícios ao Trabalhador;276511273.0;218477158.4;53587456.01;42340534.57;0.764;211096453;362054324.7;93612137.08;65823629.65;27788507.43;0.258558262;0.181805948;0.076752315;5073324;41.60910145;1.619188337;-0.279366264;4047881;0.797875515;1025443;0.202124485;388077;316394;251520;134950;28302;8662;7680;52117;0.0;1.0;0.0;1.0;0.0;0.0;0.0;0.0;0.0;0.0;0.0;0.0;1.0;0.0
2020;BR;Reforma Agrária;570662613.0;89197971.88;110593529.7;17286428.66;0.764;211096453;362054324.7;93612137.08;65823629.65;27788507.43;0.258558262;0.181805948;0.076752315;5073324;41.60910145;1.619188337;-0.279366264;4047881;0.797875515;1025443;0.202124485;388077;316394;251520;134950;28302;8662;7680;52117;0.0;1.0;0.0;1.0;0.0;0.0;0.0;0.0;0.0;0.0;0.0;1.0;0.0;0.0
2020;CO;Extensão Rural;500000.0;0.0;96899.22481;0.0;0.776;16379084;197812684.0;51146103.85;35963522.5;15182581.35;0.258558262;0.181805948;0.076752315;347263;47.16622272;1.673631097;-0.233095615;265213;0.763723748;82050;0.236276252;20508;43610;13193;4884;3037;246;1457;3231;0.0;1.0;0.0;0.0;1.0;0.0;0.0;0.0;0.0;0.0;0.0;0.0;1.0;0.0
2020;DF;Abastecimento;152000.0;0.0;29457.36434;0.0;0.829;3052546;265847334.0;68737024.74;48332626.53;20404398.21;0.258558262;0.181805948;0.076752315;5246;581.880671;2.764833931;4.219134869;1211;0.230842547;4035;0.769157453;3568;418;218;163;35;7;88;42;0.0;1.0;0.0;0.0;1.0;0.0;0.0;0.0;0.0;1.0;0.0;0.0;0.0;0.0
2020;DF;Difusão do Conhecimento Científico e Tecnológico;100000.0;70000.0;19379.84496;13565.89147;0.829;3052546;265847334.0;68737024.74;48332626.53;20404398.21;0.258558262;0.181805948;0.076752315;5246;581.880671;2.764833931;4.219134869;1211;0.230842547;4035;0.769157453;3568;418;218;163;35;7;88;42;0.0;1.0;0.0;0.0;1.0;0.0;0.0;0.0;0.0;0.0;1.0;0.0;0.0;0.0
2020;DF;Extensão Rural;650000.0;0.0;125968.9922;0.0;0.829;3052546;265847334.0;68737024.74;48332626.53;20404398.21;0.258558262;0.181805948;0.076752315;5246;581.880671;2.764833931;4.219134869;1211;0.230842547;4035;0.769157453;3568;418;218;163;35;7;88;42;0.0;1.0;0.0;0.0;1.0;0.0;0.0;0.0;0.0;0.0;0.0;0.0;1.0;0.0
2020;DF;Promoção da Produção Agropecuária;1300000.0;0.0;251937.9845;0.0;0.829;3052546;265847334.0;68737024.74;48332626.53;20404398.21;0.258558262;0.181805948;0.076752315;5246;581.880671;2.764833931;4.219134869;1211;0.230842547;4035;0.769157453;3568;418;218;163;35;7;88;42;0.0;1.0;0.0;0.0;1.0;0.0;0.0;0.0;0.0;0.0;0.0;0.0;1.0;0.0
2020;DF;Proteção e Benefícios ao Trabalhador;2662078.0;0.0;515906.5891;0.0;0.829;3052546;265847334.0;68737024.74;48332626.53;20404398.21;0.258558262;0.181805948;0.076752315;5246;581.880671;2.764833931;4.219134869;1211;0.230842547;4035;0.769157453;3568;418;218;163;35;7;88;42;0.0;1.0;0.0;0.0;1.0;0.0;0.0;0.0;0.0;0.0;0.0;0.0;1.0;0.0
2020;GO;Promoção da Produção Agropecuária;6186750.0;25203.43;1198982.558;4884.385659;0.758;7115738;224126112.0;57949658.07;40747460.22;17202197.86;0.258558262;0.181805948;0.076752315;152174;46.76053728;1.669879493;-0.236473502;118755;0.780389554;33419;0.219610446;5515;18797;7421;1902;1286;80;324;1307;0.0;1.0;0.0;0.0;1.0;0.0;0.0;0.0;0.0;0.0;0.0;0.0;1.0;0.0
2020;MS;Abastecimento;500000.0;0.0;96899.22481;0.0;0.76;2739021;122627726.1;31706411.78;22294449.97;9411961.811;0.258558262;0.181805948;0.076752315;71164;38.48885673;1.585335011;-0.305346577;48566;0.682451801;22598;0.317548199;6458;11803;3471;1065;881;73;698;795;0.0;1.0;0.0;0.0;1.0;0.0;0.0;0.0;0.0;1.0;0.0;0.0;0.0;0.0
2020;MS;Desenvolvimento Tecnológico e Engenharia;150000.0;33650.0;29069.76744;6521.317829;0.76;2739021;122627726.1;31706411.78;22294449.97;9411961.811;0.258558262;0.181805948;0.076752315;71164;38.48885673;1.585335011;-0.305346577;48566;0.682451801;22598;0.317548199;6458;11803;3471;1065;881;73;698;795;0.0;1.0;0.0;0.0;1.0;0.0;0.0;0.0;0.0;0.0;1.0;0.0;0.0;0.0
2020;MS;Promoção da Produção Agropecuária;26990962.0;56776.16;5230806.589;11003.13178;0.76;2739021;122627726.1;31706411.78;22294449.97;9411961.811;0.258558262;0.181805948;0.076752315;71164;38.48885673;1.585335011;-0.305346577;48566;0.682451801;22598;0.317548199;6458;11803;3471;1065;881;73;698;795;0.0;1.0;0.0;0.0;1.0;0.0;0.0;0.0;0.0;0.0;0.0;0.0;1.0;0.0
2020;MT;Administração Geral;0.0;0.0;0.0;0.0;0.756;3471779;178649563.7;46191320.77;32479553.25;13711767.51;0.258558262;0.181805948;0.076752315;118679;29.25352421;1.466178194;-0.382243375;96681;0.81464286;21998;0.18535714;4967;12592;2083;1754;835;86;347;1087;0.0;1.0;0.0;0.0;1.0;0.0;0.0;0.0;0.0;0.0;0.0;1.0;0.0;0.0
2020;MT;Desenvolvimento Tecnológico e Engenharia;2659288.0;367346.54;515365.8915;71191.18992;0.756;3471779;178649563.7;46191320.77;32479553.25;13711767.51;0.258558262;0.181805948;0.076752315;118679;29.25352421;1.466178194;-0.382243375;96681;0.81464286;21998;0.18535714;4967;12592;2083;1754;835;86;347;1087;0.0;1.0;0.0;0.0;1.0;0.0;0.0;0.0;0.0;0.0;1.0;0.0;0.0;0.0
2020;MT;Ordenamento Territorial;400000.0;0.0;77519.37984;0.0;0.756;3471779;178649563.7;46191320.77;32479553.25;13711767.51;0.258558262;0.181805948;0.076752315;118679;29.25352421;1.466178194;-0.382243375;96681;0.81464286;21998;0.18535714;4967;12592;2083;1754;835;86;347;1087;0.0;1.0;0.0;0.0;1.0;0.0;0.0;0.0;0.0;0.0;0.0;1.0;0.0;0.0
2020;MT;Promoção da Produção Agropecuária;43765190.0;165081.18;8481625.969;31992.47674;0.756;3471779;178649563.7;46191320.77;32479553.25;13711767.51;0.258558262;0.181805948;0.076752315;118679;29.25352421;1.466178194;-0.382243375;96681;0.81464286;21998;0.18535714;4967;12592;2083;1754;835;86;347;1087;0.0;1.0;0.0;0.0;1.0;0.0;0.0;0.0;0.0;0.0;0.0;0.0;1.0;0.0
2020;NDS;Promoção da Produção Agropecuária;1650000.0;1609345.0;319767.4419;311888.5659;0.723;57229306;119925670.1;31007772.88;21803200.12;9204572.759;0.258558262;0.181805948;0.076752315;2322719;24.63892791;1.391621807;-0.420666213;2131915;0.917853171;190804;0.082146829;114425;44830;14614;4050;2016;5757;1962;13175;0.0;1.0;0.0;0.0;0.0;1.0;0.0;0.0;0.0;0.0;0.0;0.0;1.0;0.0
2020;AL;Desenvolvimento Tecnológico e Engenharia;4552720.0;950813.29;882310.0775;184266.1415;0.694;3344244;63202348.93;16341489.52;11490562.95;4850926.568;0.258558262;0.181805948;0.076752315;98542;33.93724503;1.530676584;-0.343244981;92457;0.93824968;6085;0.06175032;2619;1989;1009;112;73;43;49;484;0.0;1.0;0.0;0.0;0.0;1.0;0.0;0.0;0.0;0.0;1.0;0.0;0.0;0.0
2020;AL;Extensão Rural;1300000.0;0.0;251937.9845;0.0;0.694;3344244;63202348.93;16341489.52;11490562.95;4850926.568;0.258558262;0.181805948;0.076752315;98542;33.93724503;1.530676584;-0.343244981;92457;0.93824968;6085;0.06175032;2619;1989;1009;112;73;43;49;484;0.0;1.0;0.0;0.0;0.0;1.0;0.0;0.0;0.0;0.0;0.0;0.0;1.0;0.0
2020;AL;Promoção da Produção Agropecuária;1240000.0;0.0;240310.0775;0.0;0.694;3344244;63202348.93;16341489.52;11490562.95;4850926.568;0.258558262;0.181805948;0.076752315;98542;33.93724503;1.530676584;-0.343244981;92457;0.93824968;6085;0.06175032;2619;1989;1009;112;73;43;49;484;0.0;1.0;0.0;0.0;0.0;1.0;0.0;0.0;0.0;0.0;0.0;0.0;1.0;0.0
2020;BA;Desenvolvimento Tecnológico e Engenharia;150000.0;0.0;29069.76744;0.0;0.724;14911031;305320812.7;78943218.8;55509139.73;23434079.07;0.258558262;0.181805948;0.076752315;762848;19.54652958;1.291069661;-0.463067407;704292;0.923240279;58556;0.076759721;24357;17143;8380;2135;940;3544;615;5365;0.0;1.0;0.0;0.0;0.0;1.0;0.0;0.0;0.0;0.0;1.0;0.0;0.0;0.0
2020;BA;Difusão do Conhecimento Científico e Tecnológico;200000.0;100513.95;38759.68992;19479.44767;0.724;14911031;305320812.7;78943218.8;55509139.73;23434079.07;0.258558262;0.181805948;0.076752315;762848;19.54652958;1.291069661;-0.463067407;704292;0.923240279;58556;0.076759721;24357;17143;8380;2135;940;3544;615;5365;0.0;1.0;0.0;0.0;0.0;1.0;0.0;0.0;0.0;0.0;1.0;0.0;0.0;0.0
2020;BA;Extensão Rural;2820227.0;1400.0;546555.6202;271.3178295;0.724;14911031;305320812.7;78943218.8;55509139.73;23434079.07;0.258558262;0.181805948;0.076752315;762848;19.54652958;1.291069661;-0.463067407;704292;0.923240279;58556;0.076759721;24357;17143;8380;2135;940;3544;615;5365;0.0;1.0;0.0;0.0;0.0;1.0;0.0;0.0;0.0;0.0;0.0;0.0;1.0;0.0
2020;BA;Normatização e Fiscalização;0.0;0.0;0.0;0.0;0.724;14911031;305320812.7;78943218.8;55509139.73;23434079.07;0.258558262;0.181805948;0.076752315;762848;19.54652958;1.291069661;-0.463067407;704292;0.923240279;58556;0.076759721;24357;17143;8380;2135;940;3544;615;5365;0.0;1.0;0.0;0.0;0.0;1.0;0.0;0.0;0.0;0.0;0.0;0.0;1.0;0.0
2020;BA;Promoção da Produção Agropecuária;12380454.0;513332.84;2399312.791;99483.10853;0.724;14911031;305320812.7;78943218.8;55509139.73;23434079.07;0.258558262;0.181805948;0.076752315;762848;19.54652958;1.291069661;-0.463067407;704292;0.923240279;58556;0.076759721;24357;17143;8380;2135;940;3544;615;5365;0.0;1.0;0.0;0.0;0.0;1.0;0.0;0.0;0.0;0.0;0.0;0.0;1.0;0.0
2020;CE;Desenvolvimento Tecnológico e Engenharia;134533.0;24212.88;26072.28682;4692.418605;0.755;9184372;166914535.6;43157132.29;30346055.35;12811076.95;0.258558262;0.181805948;0.076752315;394330;23.29108107;1.367189647;-0.431888884;351722;0.891948368;42608;0.108051632;36430;4250;940;172;177;539;186;1184;0.0;1.0;0.0;0.0;0.0;1.0;0.0;0.0;0.0;0.0;1.0;0.0;0.0;0.0
2020;CE;Difusão do Conhecimento Científico e Tecnológico;100000.0;20481.72;19379.84496;3969.325581;0.755;9184372;166914535.6;43157132.29;30346055.35;12811076.95;0.258558262;0.181805948;0.076752315;394330;23.29108107;1.367189647;-0.431888884;351722;0.891948368;42608;0.108051632;36430;4250;940;172;177;539;186;1184;0.0;1.0;0.0;0.0;0.0;1.0;0.0;0.0;0.0;0.0;1.0;0.0;0.0;0.0
2020;CE;Extensão Rural;250000.0;0.0;48449.6124;0.0;0.755;9184372;166914535.6;43157132.29;30346055.35;12811076.95;0.258558262;0.181805948;0.076752315;394330;23.29108107;1.367189647;-0.431888884;351722;0.891948368;42608;0.108051632;36430;4250;940;172;177;539;186;1184;0.0;1.0;0.0;0.0;0.0;1.0;0.0;0.0;0.0;0.0;0.0;0.0;1.0;0.0
2020;CE;Promoção da Produção Agropecuária;3450000.0;10364.97;668604.6512;2008.715116;0.755;9184372;166914535.6;43157132.29;30346055.35;12811076.95;0.258558262;0.181805948;0.076752315;394330;23.29108107;1.367189647;-0.431888884;351722;0.891948368;42608;0.108051632;36430;4250;940;172;177;539;186;1184;0.0;1.0;0.0;0.0;0.0;1.0;0.0;0.0;0.0;0.0;0.0;0.0;1.0;0.0
2020;PB;Desenvolvimento Tecnológico e Engenharia;150000.0;137684.18;29069.76744;26682.98062;0.714;4017764;70292034.11;18174586.2;12779509.88;5395076.315;0.258558262;0.181805948;0.076752315;163218;24.61593697;1.391216371;-0.420857644;134932;0.826698036;28286;0.173301964;21673;4980;1211;295;73;444;137;1104;0.0;1.0;0.0;0.0;0.0;1.0;0.0;0.0;0.0;0.0;1.0;0.0;0.0;0.0
2020;PB;Extensão Rural;800000.0;3665.2;155038.7597;710.3100775;0.714;4017764;70292034.11;18174586.2;12779509.88;5395076.315;0.258558262;0.181805948;0.076752315;163218;24.61593697;1.391216371;-0.420857644;134932;0.826698036;28286;0.173301964;21673;4980;1211;295;73;444;137;1104;0.0;1.0;0.0;0.0;0.0;1.0;0.0;0.0;0.0;0.0;0.0;0.0;1.0;0.0
2020;PB;Promoção da Produção Agropecuária;15019698.0;69613.34;2910794.186;13490.95736;0.714;4017764;70292034.11;18174586.2;12779509.88;5395076.315;0.258558262;0.181805948;0.076752315;163218;24.61593697;1.391216371;-0.420857644;134932;0.826698036;28286;0.173301964;21673;4980;1211;295;73;444;137;1104;0.0;1.0;0.0;0.0;0.0;1.0;0.0;0.0;0.0;0.0;0.0;0.0;1.0;0.0
2020;PE;Desenvolvimento Tecnológico e Engenharia;100000.0;0.0;19379.84496;0.0;0.739;9558567;193307317.3;49981204.07;35144420.04;14836784.03;0.258558262;0.181805948;0.076752315;281688;33.93317074;1.530624442;-0.343278905;262693;0.932567238;18995;0.067432762;9750;4954;1392;569;322;889;83;2089;0.0;1.0;0.0;0.0;0.0;1.0;0.0;0.0;0.0;0.0;1.0;0.0;0.0;0.0
2020;PE;Extensão Rural;250000.0;0.0;48449.6124;0.0;0.739;9558567;193307317.3;49981204.07;35144420.04;14836784.03;0.258558262;0.181805948;0.076752315;281688;33.93317074;1.530624442;-0.343278905;262693;0.932567238;18995;0.067432762;9750;4954;1392;569;322;889;83;2089;0.0;1.0;0.0;0.0;0.0;1.0;0.0;0.0;0.0;0.0;0.0;0.0;1.0;0.0
2020;PE;Promoção da Produção Agropecuária;12577720.0;36134.38;2437542.636;7002.786822;0.739;9558567;193307317.3;49981204.07;35144420.04;14836784.03;0.258558262;0.181805948;0.076752315;281688;33.93317074;1.530624442;-0.343278905;262693;0.932567238;18995;0.067432762;9750;4954;1392;569;322;889;83;2089;0.0;1.0;0.0;0.0;0.0;1.0;0.0;0.0;0.0;0.0;0.0;0.0;1.0;0.0
2020;PI;Promoção da Produção Agropecuária;2970227.0;1960.0;575625.3876;379.8449612;0.708;3280697;56391257.06;14580425.44;10252265.94;4328159.502;0.258558262;0.181805948;0.076752315;245601;13.35783242;1.125735991;-0.514596791;237127;0.965496883;8474;0.034503117;4304;2578;574;105;96;100;263;972;0.0;1.0;0.0;0.0;0.0;1.0;0.0;0.0;0.0;0.0;0.0;0.0;1.0;0.0
2020;RN;Ensino Profissional;760000.0;0.0;147286.8217;0.0;0.75;3534165;71577106.82;18506852.37;13013143.75;5493708.62;0.258558262;0.181805948;0.076752315;63452;55.69824434;1.745841506;-0.162054844;53247;0.839169766;10205;0.160830234;5484;3478;522;115;102;71;397;750;0.0;1.0;0.0;0.0;0.0;1.0;0.0;0.0;0.0;0.0;0.0;1.0;0.0;0.0
2020;RN;Extensão Rural;100000.0;0.0;19379.84496;0.0;0.75;3534165;71577106.82;18506852.37;13013143.75;5493708.62;0.258558262;0.181805948;0.076752315;63452;55.69824434;1.745841506;-0.162054844;53247;0.839169766;10205;0.160830234;5484;3478;522;115;102;71;397;750;0.0;1.0;0.0;0.0;0.0;1.0;0.0;0.0;0.0;0.0;0.0;0.0;1.0;0.0
2020;RN;Promoção da Produção Agropecuária;5590227.0;77050.98;1083377.326;14932.36047;0.75;3534165;71577106.82;18506852.37;13013143.75;5493708.62;0.258558262;0.181805948;0.076752315;63452;55.69824434;1.745841506;-0.162054844;53247;0.839169766;10205;0.160830234;5484;3478;522;115;102;71;397;750;0.0;1.0;0.0;0.0;0.0;1.0;0.0;0.0;0.0;0.0;0.0;0.0;1.0;0.0
2020;SE;Desenvolvimento Tecnológico e Engenharia;420000.0;116448.8;81395.34884;22567.5969;0.722;2318678;45409656.57;11741041.9;8255745.652;3485296.247;0.258558262;0.181805948;0.076752315;93275;24.85851514;1.395475184;-0.418837848;84963;0.910887162;8312;0.089112838;5441;2242;214;147;62;12;47;391;0.0;1.0;0.0;0.0;0.0;1.0;0.0;0.0;0.0;0.0;1.0;0.0;0.0;0.0
2020;SE;Extensão Rural;1032219.0;0.0;200042.4419;0.0;0.722;2318678;45409656.57;11741041.9;8255745.652;3485296.247;0.258558262;0.181805948;0.076752315;93275;24.85851514;1.395475184;-0.418837848;84963;0.910887162;8312;0.089112838;5441;2242;214;147;62;12;47;391;0.0;1.0;0.0;0.0;0.0;1.0;0.0;0.0;0.0;0.0;0.0;0.0;1.0;0.0
2020;SE;Promoção da Produção Agropecuária;150000.0;0.0;29069.76744;0.0;0.722;2318678;45409656.57;11741041.9;8255745.652;3485296.247;0.258558262;0.181805948;0.076752315;93275;24.85851514;1.395475184;-0.418837848;84963;0.910887162;8312;0.089112838;5441;2242;214;147;62;12;47;391;0.0;1.0;0.0;0.0;0.0;1.0;0.0;0.0;0.0;0.0;0.0;0.0;1.0;0.0
2020;SE;Reforma Agrária;2600000.0;276910.12;503875.969;53664.75194;0.722;2318678;45409656.57;11741041.9;8255745.652;3485296.247;0.258558262;0.181805948;0.076752315;93275;24.85851514;1.395475184;-0.418837848;84963;0.910887162;8312;0.089112838;5441;2242;214;147;62;12;47;391;0.0;1.0;0.0;0.0;0.0;1.0;0.0;0.0;0.0;0.0;0.0;1.0;0.0;0.0
2020;NOR;Extensão Rural;70000000.0;1405536.98;13565891.47;272390.8876;0.736;18348799;68310435.56;17662227.52;12419243.48;5242984.04;0.258558262;0.181805948;0.076752315;580613;31.60245981;1.499720888;-0.362685268;520262;0.896056409;60351;0.103943591;40224;14637;2223;1625;822;797;719;2725;0.0;1.0;0.0;0.0;0.0;0.0;1.0;0.0;0.0;0.0;0.0;1.0;0.0;0.0
2020;NOR;Ordenamento Territorial;13148148.0;1004438.08;2548090.698;194658.5426;0.736;18348799;68310435.56;17662227.52;12419243.48;5242984.04;0.258558262;0.181805948;0.076752315;580613;31.60245981;1.499720888;-0.362685268;520262;0.896056409;60351;0.103943591;40224;14637;2223;1625;822;797;719;2725;0.0;1.0;0.0;0.0;0.0;0.0;1.0;0.0;0.0;0.0;0.0;1.0;0.0;0.0
2020;AC;Desenvolvimento Tecnológico e Engenharia;300000.0;0.0;58139.53488;0.0;0.746;877688;16476370.84;4260101.815;2995502.217;1264599.598;0.258558262;0.181805948;0.076752315;37356;23.49523504;1.370979794;-0.430189023;33086;0.8856944;4270;0.1143056;2904;953;146;114;19;315;104;175;0.0;1.0;0.0;0.0;0.0;0.0;1.0;0.0;0.0;0.0;1.0;0.0;0.0;0.0
2020;AC;Extensão Rural;2050000.0;6754.4;397286.8217;1308.992248;0.746;877688;16476370.84;4260101.815;2995502.217;1264599.598;0.258558262;0.181805948;0.076752315;37356;23.49523504;1.370979794;-0.430189023;33086;0.8856944;4270;0.1143056;2904;953;146;114;19;315;104;175;0.0;1.0;0.0;0.0;0.0;0.0;1.0;0.0;0.0;0.0;0.0;0.0;1.0;0.0
2020;AC;Ordenamento Territorial;1100000.0;0.0;213178.2946;0.0;0.746;877688;16476370.84;4260101.815;2995502.217;1264599.598;0.258558262;0.181805948;0.076752315;37356;23.49523504;1.370979794;-0.430189023;33086;0.8856944;4270;0.1143056;2904;953;146;114;19;315;104;175;0.0;1.0;0.0;0.0;0.0;0.0;1.0;0.0;0.0;0.0;0.0;1.0;0.0;0.0
2020;AC;Promoção da Produção Agropecuária;8170404.0;66415.23;1583411.628;12871.1686;0.746;877688;16476370.84;4260101.815;2995502.217;1264599.598;0.258558262;0.181805948;0.076752315;37356;23.49523504;1.370979794;-0.430189023;33086;0.8856944;4270;0.1143056;2904;953;146;114;19;315;104;175;0.0;1.0;0.0;0.0;0.0;0.0;1.0;0.0;0.0;0.0;0.0;0.0;1.0;0.0
2020;AC;Reforma Agrária;2600000.0;0.0;503875.969;0.0;0.746;877688;16476370.84;4260101.815;2995502.217;1264599.598;0.258558262;0.181805948;0.076752315;37356;23.49523504;1.370979794;-0.430189023;33086;0.8856944;4270;0.1143056;2904;953;146;114;19;315;104;175;0.0;1.0;0.0;0.0;0.0;0.0;1.0;0.0;0.0;0.0;0.0;1.0;0.0;0.0
2020;AM;Desenvolvimento Tecnológico e Engenharia;130000.0;0.0;25193.79845;0.0;0.727;4043664;116019139.4;29997707.09;21092969.6;8904737.486;0.258558262;0.181805948;0.076752315;80959;49.94705962;1.698509926;-0.209941337;71267;0.880285083;9692;0.119714917;8092;1137;248;54;43;145;20;412;0.0;1.0;0.0;0.0;0.0;0.0;1.0;0.0;0.0;0.0;1.0;0.0;0.0;0.0
2020;AM;Difusão do Conhecimento Científico e Tecnológico;400000.0;75044.18;77519.37984;14543.44574;0.727;4043664;116019139.4;29997707.09;21092969.6;8904737.486;0.258558262;0.181805948;0.076752315;80959;49.94705962;1.698509926;-0.209941337;71267;0.880285083;9692;0.119714917;8092;1137;248;54;43;145;20;412;0.0;1.0;0.0;0.0;0.0;0.0;1.0;0.0;0.0;0.0;1.0;0.0;0.0;0.0
2020;AM;Extensão Rural;800000.0;6144.0;155038.7597;1190.697674;0.727;4043664;116019139.4;29997707.09;21092969.6;8904737.486;0.258558262;0.181805948;0.076752315;80959;49.94705962;1.698509926;-0.209941337;71267;0.880285083;9692;0.119714917;8092;1137;248;54;43;145;20;412;0.0;1.0;0.0;0.0;0.0;0.0;1.0;0.0;0.0;0.0;0.0;0.0;1.0;0.0
2020;AM;Promoção da Produção Agropecuária;3468227.0;13401.27;672137.0155;2597.145349;0.727;4043664;116019139.4;29997707.09;21092969.6;8904737.486;0.258558262;0.181805948;0.076752315;80959;49.94705962;1.698509926;-0.209941337;71267;0.880285083;9692;0.119714917;8092;1137;248;54;43;145;20;412;0.0;1.0;0.0;0.0;0.0;0.0;1.0;0.0;0.0;0.0;0.0;0.0;1.0;0.0
2020;AM;Reforma Agrária;844000.0;0.0;163565.8915;0.0;0.727;4043664;116019139.4;29997707.09;21092969.6;8904737.486;0.258558262;0.181805948;0.076752315;80959;49.94705962;1.698509926;-0.209941337;71267;0.880285083;9692;0.119714917;8092;1137;248;54;43;145;20;412;0.0;1.0;0.0;0.0;0.0;0.0;1.0;0.0;0.0;0.0;0.0;1.0;0.0;0.0
2020;AP;Desenvolvimento Tecnológico e Engenharia;200000.0;0.0;38759.68992;0.0;0.724;853412;18469114.5;4775342.153;3357794.867;1417547.286;0.258558262;0.181805948;0.076752315;8507;100.3187963;2.001382312;0.209472393;7214;0.848007523;1293;0.151992477;1125;132;14;8;12;1;45;35;0.0;1.0;0.0;0.0;0.0;0.0;1.0;0.0;0.0;0.0;1.0;0.0;0.0;0.0
2020;AP;Extensão Rural;0.0;0.0;0.0;0.0;0.724;853412;18469114.5;4775342.153;3357794.867;1417547.286;0.258558262;0.181805948;0.076752315;8507;100.3187963;2.001382312;0.209472393;7214;0.848007523;1293;0.151992477;1125;132;14;8;12;1;45;35;0.0;1.0;0.0;0.0;0.0;0.0;1.0;0.0;0.0;0.0;0.0;0.0;1.0;0.0
2020;AP;Reforma Agrária;400000.0;3020.24;77519.37984;585.3178295;0.724;853412;18469114.5;4775342.153;3357794.867;1417547.286;0.258558262;0.181805948;0.076752315;8507;100.3187963;2.001382312;0.209472393;7214;0.848007523;1293;0.151992477;1125;132;14;8;12;1;45;35;0.0;1.0;0.0;0.0;0.0;0.0;1.0;0.0;0.0;0.0;0.0;1.0;0.0;0.0
2020;PA;Desenvolvimento Tecnológico e Engenharia;650000.0;23200.0;125968.9922;4496.124031;0.719;8648682;215935603.8;55831934.51;39258377.11;16573557.39;0.258558262;0.181805948;0.076752315;281699;30.70185553;1.487164624;-0.370184032;264830;0.940116933;16869;0.059883067;8848;5051;1108;756;353;256;129;1141;0.0;1.0;0.0;0.0;0.0;0.0;1.0;0.0;0.0;0.0;1.0;0.0;0.0;0.0
2020;PA;Difusão do Conhecimento Científico e Tecnológico;500000.0;7320.0;96899.22481;1418.604651;0.719;8648682;215935603.8;55831934.51;39258377.11;16573557.39;0.258558262;0.181805948;0.076752315;281699;30.70185553;1.487164624;-0.370184032;264830;0.940116933;16869;0.059883067;8848;5051;1108;756;353;256;129;1141;0.0;1.0;0.0;0.0;0.0;0.0;1.0;0.0;0.0;0.0;1.0;0.0;0.0;0.0
2020;PA;Extensão Rural;500000.0;0.0;96899.22481;0.0;0.719;8648682;215935603.8;55831934.51;39258377.11;16573557.39;0.258558262;0.181805948;0.076752315;281699;30.70185553;1.487164624;-0.370184032;264830;0.940116933;16869;0.059883067;8848;5051;1108;756;353;256;129;1141;0.0;1.0;0.0;0.0;0.0;0.0;1.0;0.0;0.0;0.0;0.0;0.0;1.0;0.0
2020;PA;Normatização e Fiscalização;0.0;0.0;0.0;0.0;0.719;8648682;215935603.8;55831934.51;39258377.11;16573557.39;0.258558262;0.181805948;0.076752315;281699;30.70185553;1.487164624;-0.370184032;264830;0.940116933;16869;0.059883067;8848;5051;1108;756;353;256;129;1141;0.0;1.0;0.0;0.0;0.0;0.0;1.0;0.0;0.0;0.0;0.0;0.0;1.0;0.0
2020;PA;Ordenamento Territorial;3000000.0;0.0;581395.3488;0.0;0.719;8648682;215935603.8;55831934.51;39258377.11;16573557.39;0.258558262;0.181805948;0.076752315;281699;30.70185553;1.487164624;-0.370184032;264830;0.940116933;16869;0.059883067;8848;5051;1108;756;353;256;129;1141;0.0;1.0;0.0;0.0;0.0;0.0;1.0;0.0;0.0;0.0;0.0;1.0;0.0;0.0
2020;PA;Promoção da Produção Agropecuária;12370227.0;178278.82;2397330.814;34550.15891;0.719;8648682;215935603.8;55831934.51;39258377.11;16573557.39;0.258558262;0.181805948;0.076752315;281699;30.70185553;1.487164624;-0.370184032;264830;0.940116933;16869;0.059883067;8848;5051;1108;756;353;256;129;1141;0.0;1.0;0.0;0.0;0.0;0.0;1.0;0.0;0.0;0.0;0.0;0.0;1.0;0.0
2020;PA;Reforma Agrária;1000000.0;0.0;193798.4496;0.0;0.719;8648682;215935603.8;55831934.51;39258377.11;16573557.39;0.258558262;0.181805948;0.076752315;281699;30.70185553;1.487164624;-0.370184032;264830;0.940116933;16869;0.059883067;8848;5051;1108;756;353;256;129;1141;0.0;1.0;0.0;0.0;0.0;0.0;1.0;0.0;0.0;0.0;0.0;1.0;0.0;0.0
2020;RO;Extensão Rural;1450000.0;20396.0;281007.7519;3952.713178;0.739;1785821;51598741.46;13341280.93;9380958.096;3960322.837;0.258558262;0.181805948;0.076752315;91438;19.53040311;1.290711207;-0.463201682;74338;0.812988036;17100;0.187011964;13029;3343;384;456;197;62;35;446;0.0;1.0;0.0;0.0;0.0;0.0;1.0;0.0;0.0;0.0;0.0;0.0;1.0;0.0
2020;RO;Promoção da Produção Agropecuária;1410000.0;17941.46;273255.814;3477.027132;0.739;1785821;51598741.46;13341280.93;9380958.096;3960322.837;0.258558262;0.181805948;0.076752315;91438;19.53040311;1.290711207;-0.463201682;74338;0.812988036;17100;0.187011964;13029;3343;384;456;197;62;35;446;0.0;1.0;0.0;0.0;0.0;0.0;1.0;0.0;0.0;0.0;0.0;0.0;1.0;0.0
2020;RR;Difusão do Conhecimento Científico e Tecnológico;1350000.0;260589.13;261627.907;50501.76938;0.739;562620;16024275.7;4143208.881;2913308.631;1229900.25;0.258558262;0.181805948;0.076752315;16846;33.39783925;1.52371837;-0.347736274;14619;0.867802446;2227;0.132197554;1498;638;37;16;26;6;110;91;0.0;1.0;0.0;0.0;0.0;0.0;1.0;0.0;0.0;0.0;1.0;0.0;0.0;0.0
2020;RR;Promoção da Produção Agropecuária;2696000.0;7878.72;522480.6202;1526.883721;0.739;562620;16024275.7;4143208.881;2913308.631;1229900.25;0.258558262;0.181805948;0.076752315;16846;33.39783925;1.52371837;-0.347736274;14619;0.867802446;2227;0.132197554;1498;638;37;16;26;6;110;91;0.0;1.0;0.0;0.0;0.0;0.0;1.0;0.0;0.0;0.0;0.0;0.0;1.0;0.0
2020;TO;Desenvolvimento Tecnológico e Engenharia;8709201.0;2798306.61;1687829.651;542307.4826;0.755;1576912;43649803.22;11286017.27;7935793.845;3350223.429;0.258558262;0.181805948;0.076752315;63808;24.71339017;1.392932326;-0.420046212;54908;0.860519057;8900;0.139480943;4728;3383;286;221;172;12;276;425;0.0;1.0;0.0;0.0;0.0;0.0;1.0;0.0;0.0;0.0;1.0;0.0;0.0;0.0
2020;TO;Promoção da Produção Agropecuária;3529773.0;16944.85;684064.5349;3283.885659;0.755;1576912;43649803.22;11286017.27;7935793.845;3350223.429;0.258558262;0.181805948;0.076752315;63808;24.71339017;1.392932326;-0.420046212;54908;0.860519057;8900;0.139480943;4728;3383;286;221;172;12;276;425;0.0;1.0;0.0;0.0;0.0;0.0;1.0;0.0;0.0;0.0;0.0;0.0;1.0;0.0
2020;ES;Promoção da Produção Agropecuária;62813536.0;372828.26;12173165.89;72253.53876;0.792;4060258;138445922.4;35796337.13;25170292.14;10626044.99;0.258558262;0.181805948;0.076752315;108014;37.59010869;1.575073581;-0.312829886;82693;0.765576685;25321;0.234423315;8895;7833;7305;1312;403;44;354;1701;0.0;1.0;0.0;0.0;0.0;0.0;0.0;1.0;0.0;0.0;0.0;0.0;1.0;0.0
2020;MG;Desenvolvimento Tecnológico e Engenharia;342500.0;77817.4;66375.96899;15080.89147;0.789;21281949;682786116.4;176539991.8;124134577.0;52405414.8;0.258558262;0.181805948;0.076752315;607557;35.02872817;1.544424369;-0.334156889;448571;0.738319203;158986;0.261680797;54926;64141;38718;7477;2218;732;919;8611;0.0;1.0;0.0;0.0;0.0;0.0;0.0;1.0;0.0;0.0;1.0;0.0;0.0;0.0
2020;MG;Difusão do Conhecimento Científico e Tecnológico;538000.0;158140.49;104263.5659;30647.38178;0.789;21281949;682786116.4;176539991.8;124134577.0;52405414.8;0.258558262;0.181805948;0.076752315;607557;35.02872817;1.544424369;-0.334156889;448571;0.738319203;158986;0.261680797;54926;64141;38718;7477;2218;732;919;8611;0.0;1.0;0.0;0.0;0.0;0.0;0.0;1.0;0.0;0.0;1.0;0.0;0.0;0.0
2020;MG;Extensão Rural;2510000.0;4536.0;486434.1085;879.0697674;0.789;21281949;682786116.4;176539991.8;124134577.0;52405414.8;0.258558262;0.181805948;0.076752315;607557;35.02872817;1.544424369;-0.334156889;448571;0.738319203;158986;0.261680797;54926;64141;38718;7477;2218;732;919;8611;0.0;1.0;0.0;0.0;0.0;0.0;0.0;1.0;0.0;0.0;0.0;0.0;1.0;0.0
2020;MG;Normatização e Fiscalização;0.0;0.0;0.0;0.0;0.789;21281949;682786116.4;176539991.8;124134577.0;52405414.8;0.258558262;0.181805948;0.076752315;607557;35.02872817;1.544424369;-0.334156889;448571;0.738319203;158986;0.261680797;54926;64141;38718;7477;2218;732;919;8611;0.0;1.0;0.0;0.0;0.0;0.0;0.0;1.0;0.0;0.0;0.0;0.0;1.0;0.0
2020;MG;Promoção da Produção Agropecuária;28304908.0;279159.73;5485447.287;54100.72287;0.789;21281949;682786116.4;176539991.8;124134577.0;52405414.8;0.258558262;0.181805948;0.076752315;607557;35.02872817;1.544424369;-0.334156889;448571;0.738319203;158986;0.261680797;54926;64141;38718;7477;2218;732;919;8611;0.0;1.0;0.0;0.0;0.0;0.0;0.0;1.0;0.0;0.0;0.0;0.0;1.0;0.0
2020;RJ;Desenvolvimento Tecnológico e Engenharia;500000.0;94800.0;96899.22481;18372.09302;0.785;17365648;753823710.6;194907348.8;137049634.2;57857714.58;0.258558262;0.181805948;0.076752315;65224;266.2462897;2.425283564;1.591046141;49149;0.753541641;16075;0.246458359;6803;7234;1288;180;213;41;36;1653;0.0;1.0;0.0;0.0;0.0;0.0;0.0;1.0;0.0;0.0;1.0;0.0;0.0;0.0
2020;RJ;Difusão do Conhecimento Científico e Tecnológico;0.0;0.0;0.0;0.0;0.785;17365648;753823710.6;194907348.8;137049634.2;57857714.58;0.258558262;0.181805948;0.076752315;65224;266.2462897;2.425283564;1.591046141;49149;0.753541641;16075;0.246458359;6803;7234;1288;180;213;41;36;1653;0.0;1.0;0.0;0.0;0.0;0.0;0.0;1.0;0.0;0.0;1.0;0.0;0.0;0.0
2020;RJ;Ensino Profissional;0.0;0.0;0.0;0.0;0.785;17365648;753823710.6;194907348.8;137049634.2;57857714.58;0.258558262;0.181805948;0.076752315;65224;266.2462897;2.425283564;1.591046141;49149;0.753541641;16075;0.246458359;6803;7234;1288;180;213;41;36;1653;0.0;1.0;0.0;0.0;0.0;0.0;0.0;1.0;0.0;0.0;0.0;1.0;0.0;0.0
2020;RJ;Extensão Rural;610000.0;7677.6;118217.0543;1487.906977;0.785;17365648;753823710.6;194907348.8;137049634.2;57857714.58;0.258558262;0.181805948;0.076752315;65224;266.2462897;2.425283564;1.591046141;49149;0.753541641;16075;0.246458359;6803;7234;1288;180;213;41;36;1653;0.0;1.0;0.0;0.0;0.0;0.0;0.0;1.0;0.0;0.0;0.0;0.0;1.0;0.0
2020;RJ;Promoção da Produção Agropecuária;15623188.0;115546.56;3027749.612;22392.74419;0.785;17365648;753823710.6;194907348.8;137049634.2;57857714.58;0.258558262;0.181805948;0.076752315;65224;266.2462897;2.425283564;1.591046141;49149;0.753541641;16075;0.246458359;6803;7234;1288;180;213;41;36;1653;0.0;1.0;0.0;0.0;0.0;0.0;0.0;1.0;0.0;0.0;0.0;0.0;1.0;0.0
2020;SP;Desenvolvimento Tecnológico e Engenharia;678935.0;469708.91;131576.5504;91028.85853;0.823;46282864;2377638980.0;614758203.2;432268908.3;182489295.0;0.258558262;0.181805948;0.076752315;188620;245.3762273;2.389832485;1.417274274;111409;0.590653165;77211;0.409346835;18281;36058;19008;5260;1858;195;539;5936;0.0;1.0;0.0;0.0;0.0;0.0;0.0;1.0;0.0;0.0;1.0;0.0;0.0;0.0
2020;SP;Extensão Rural;1260000.0;6066.67;244186.0465;1175.71124;0.823;46282864;2377638980.0;614758203.2;432268908.3;182489295.0;0.258558262;0.181805948;0.076752315;188620;245.3762273;2.389832485;1.417274274;111409;0.590653165;77211;0.409346835;18281;36058;19008;5260;1858;195;539;5936;0.0;1.0;0.0;0.0;0.0;0.0;0.0;1.0;0.0;0.0;0.0;0.0;1.0;0.0
2020;SP;Promoção da Produção Agropecuária;9490454.0;107054.29;1839235.271;20746.95543;0.823;46282864;2377638980.0;614758203.2;432268908.3;182489295.0;0.258558262;0.181805948;0.076752315;188620;245.3762273;2.389832485;1.417274274;111409;0.590653165;77211;0.409346835;18281;36058;19008;5260;1858;195;539;5936;0.0;1.0;0.0;0.0;0.0;0.0;0.0;1.0;0.0;0.0;0.0;0.0;1.0;0.0
2020;PR;Extensão Rural;2300000.0;0.0;445736.4341;0.0;0.787;11503448;487930593.8;126158486.5;88708684.06;37449802.43;0.258558262;0.181805948;0.076752315;305154;37.69718896;1.576308967;-0.311938296;167655;0.549411117;137499;0.450588883;30044;35223;63410;26217;6099;250;244;4684;0.0;1.0;0.0;0.0;0.0;0.0;0.0;0.0;1.0;0.0;0.0;0.0;1.0;0.0
2020;PR;Promoção da Produção Agropecuária;94347271.0;2452969.62;18284354.84;475381.7093;0.787;11503448;487930593.8;126158486.5;88708684.06;37449802.43;0.258558262;0.181805948;0.076752315;305154;37.69718896;1.576308967;-0.311938296;167655;0.549411117;137499;0.450588883;30044;35223;63410;26217;6099;250;244;4684;0.0;1.0;0.0;0.0;0.0;0.0;0.0;0.0;1.0;0.0;0.0;0.0;1.0;0.0
2020;RS;Difusão do Conhecimento Científico e Tecnológico;0.0;0.0;0.0;0.0;0.78;11404423;470941846.0;121765905.4;85620028.67;36145876.72;0.258558262;0.181805948;0.076752315;365094;31.23694994;1.494668622;-0.365728638;182811;0.500723101;182283;0.499276899;58551;44802;60144;52534;8968;411;880;7050;0.0;1.0;0.0;0.0;0.0;0.0;0.0;0.0;1.0;0.0;1.0;0.0;0.0;0.0
2020;RS;Extensão Rural;2450000.0;24760.21;474806.2016;4798.49031;0.78;11404423;470941846.0;121765905.4;85620028.67;36145876.72;0.258558262;0.181805948;0.076752315;365094;31.23694994;1.494668622;-0.365728638;182811;0.500723101;182283;0.499276899;58551;44802;60144;52534;8968;411;880;7050;0.0;1.0;0.0;0.0;0.0;0.0;0.0;0.0;1.0;0.0;0.0;0.0;1.0;0.0
2020;RS;Promoção da Produção Agropecuária;80566076.0;440694.54;15613580.62;85405.9186;0.78;11404423;470941846.0;121765905.4;85620028.67;36145876.72;0.258558262;0.181805948;0.076752315;365094;31.23694994;1.494668622;-0.365728638;182811;0.500723101;182283;0.499276899;58551;44802;60144;52534;8968;411;880;7050;0.0;1.0;0.0;0.0;0.0;0.0;0.0;0.0;1.0;0.0;0.0;0.0;1.0;0.0
2020;SC;Desenvolvimento Tecnológico e Engenharia;500000.0;0.0;96899.22481;0.0;0.803;7240674;349275015.5;90307941.1;63500275.23;26807665.87;0.258558262;0.181805948;0.076752315;183066;39.55225984;1.597171302;-0.296492289;88203;0.481809839;94863;0.518190161;35420;18026;31617;31411;2668;189;570;3351;0.0;1.0;0.0;0.0;0.0;0.0;0.0;0.0;1.0;0.0;1.0;0.0;0.0;0.0
2020;SC;Extensão Rural;300000.0;0.0;58139.53488;0.0;0.803;7240674;349275015.5;90307941.1;63500275.23;26807665.87;0.258558262;0.181805948;0.076752315;183066;39.55225984;1.597171302;-0.296492289;88203;0.481809839;94863;0.518190161;35420;18026;31617;31411;2668;189;570;3351;0.0;1.0;0.0;0.0;0.0;0.0;0.0;0.0;1.0;0.0;0.0;0.0;1.0;0.0
2020;SC;Promoção da Produção Agropecuária;46501559.0;114462.46;9011930.039;22182.64729;0.803;7240674;349275015.5;90307941.1;63500275.23;26807665.87;0.258558262;0.181805948;0.076752315;183066;39.55225984;1.597171302;-0.296492289;88203;0.481809839;94863;0.518190161;35420;18026;31617;31411;2668;189;570;3351;0.0;1.0;0.0;0.0;0.0;0.0;0.0;0.0;1.0;0.0;0.0;0.0;1.0;0.0
2020;SC;Reforma Agrária;800000.0;0.0;155038.7597;0.0;0.803;7240674;349275015.5;90307941.1;63500275.23;26807665.87;0.258558262;0.181805948;0.076752315;183066;39.55225984;1.597171302;-0.296492289;88203;0.481809839;94863;0.518190161;35420;18026;31617;31411;2668;189;570;3351;0.0;1.0;0.0;0.0;0.0;0.0;0.0;0.0;1.0;0.0;0.0;1.0;0.0;0.0
2021;BR;Abastecimento;1395618487.0;124067668.3;258447868.0;22975494.13;0.744;212650323;429986500.2;114469785.2;84916868.61;29552916.63;0.266217161;0.19748729;0.068729871;5073324;41.91538388;1.622373448;-0.276816043;4047881;0.797875515;1025443;0.202124485;388077;316394;251520;134950;28302;8662;7680;52117;0.0;1.0;0.0;1.0;0.0;0.0;0.0;0.0;0.0;1.0;0.0;0.0;0.0;0.0
2021;BR;Administração Geral;435850494.0;341124382.7;80713054.44;63171181.98;0.744;212650323;429986500.2;114469785.2;84916868.61;29552916.63;0.266217161;0.19748729;0.068729871;5073324;41.91538388;1.622373448;-0.276816043;4047881;0.797875515;1025443;0.202124485;388077;316394;251520;134950;28302;8662;7680;52117;0.0;1.0;0.0;1.0;0.0;0.0;0.0;0.0;0.0;0.0;0.0;0.0;1.0;0.0
2021;BR;Assistência Comunitária;245734447.0;245734447.0;45506379.07;45506379.07;0.744;212650323;429986500.2;114469785.2;84916868.61;29552916.63;0.266217161;0.19748729;0.068729871;5073324;41.91538388;1.622373448;-0.276816043;4047881;0.797875515;1025443;0.202124485;388077;316394;251520;134950;28302;8662;7680;52117;0.0;0.0;1.0;1.0;0.0;0.0;0.0;0.0;0.0;0.0;0.0;0.0;1.0;0.0
2021;BR;Atenção Básica;263146566.0;193728398.3;48730845.56;35875629.31;0.744;212650323;429986500.2;114469785.2;84916868.61;29552916.63;0.266217161;0.19748729;0.068729871;5073324;41.91538388;1.622373448;-0.276816043;4047881;0.797875515;1025443;0.202124485;388077;316394;251520;134950;28302;8662;7680;52117;0.0;1.0;0.0;1.0;0.0;0.0;0.0;0.0;0.0;0.0;1.0;0.0;0.0;0.0
2021;BR;Defesa Agropecuária;70258143.0;6297953.67;13010767.22;1166287.717;0.744;212650323;429986500.2;114469785.2;84916868.61;29552916.63;0.266217161;0.19748729;0.068729871;5073324;41.91538388;1.622373448;-0.276816043;4047881;0.797875515;1025443;0.202124485;388077;316394;251520;134950;28302;8662;7680;52117;0.0;1.0;0.0;1.0;0.0;0.0;0.0;0.0;0.0;0.0;0.0;0.0;1.0;0.0
2021;BR;Desenvolvimento Científico;4007057.0;0.0;742047.5926;0.0;0.744;212650323;429986500.2;114469785.2;84916868.61;29552916.63;0.266217161;0.19748729;0.068729871;5073324;41.91538388;1.622373448;-0.276816043;4047881;0.797875515;1025443;0.202124485;388077;316394;251520;134950;28302;8662;7680;52117;0.0;1.0;0.0;1.0;0.0;0.0;0.0;0.0;0.0;0.0;1.0;0.0;0.0;0.0
2021;BR;Desenvolvimento Tecnológico e Engenharia;214407447.0;93487393.67;39705082.78;17312480.31;0.744;212650323;429986500.2;114469785.2;84916868.61;29552916.63;0.266217161;0.19748729;0.068729871;5073324;41.91538388;1.622373448;-0.276816043;4047881;0.797875515;1025443;0.202124485;388077;316394;251520;134950;28302;8662;7680;52117;0.0;1.0;0.0;1.0;0.0;0.0;0.0;0.0;0.0;0.0;1.0;0.0;0.0;0.0
2021;BR;Difusão do Conhecimento Científico e Tecnológico;28327643.0;14526926.63;5245859.815;2690171.598;0.744;212650323;429986500.2;114469785.2;84916868.61;29552916.63;0.266217161;0.19748729;0.068729871;5073324;41.91538388;1.622373448;-0.276816043;4047881;0.797875515;1025443;0.202124485;388077;316394;251520;134950;28302;8662;7680;52117;0.0;1.0;0.0;1.0;0.0;0.0;0.0;0.0;0.0;0.0;1.0;0.0;0.0;0.0
2021;BR;Direitos Individuais, Coletivos e Difusos;169604.0;152201.98;31408.14815;28185.55185;0.744;212650323;429986500.2;114469785.2;84916868.61;29552916.63;0.266217161;0.19748729;0.068729871;5073324;41.91538388;1.622373448;-0.276816043;4047881;0.797875515;1025443;0.202124485;388077;316394;251520;134950;28302;8662;7680;52117;0.0;1.0;0.0;1.0;0.0;0.0;0.0;0.0;0.0;0.0;0.0;1.0;0.0;0.0
2021;BR;Educação de Jovens e Adultos;0.0;0.0;0.0;0.0;0.744;212650323;429986500.2;114469785.2;84916868.61;29552916.63;0.266217161;0.19748729;0.068729871;5073324;41.91538388;1.622373448;-0.276816043;4047881;0.797875515;1025443;0.202124485;388077;316394;251520;134950;28302;8662;7680;52117;0.0;1.0;0.0;1.0;0.0;0.0;0.0;0.0;0.0;0.0;0.0;0.0;1.0;0.0
2021;BR;Ensino Profissional;20824528.0;10988995.52;3856394.074;2034999.17;0.744;212650323;429986500.2;114469785.2;84916868.61;29552916.63;0.266217161;0.19748729;0.068729871;5073324;41.91538388;1.622373448;-0.276816043;4047881;0.797875515;1025443;0.202124485;388077;316394;251520;134950;28302;8662;7680;52117;0.0;1.0;0.0;1.0;0.0;0.0;0.0;0.0;0.0;0.0;1.0;0.0;0.0;0.0
2021;BR;Extensão Rural;61454668.0;31104102.3;11380494.07;5760018.944;0.744;212650323;429986500.2;114469785.2;84916868.61;29552916.63;0.266217161;0.19748729;0.068729871;5073324;41.91538388;1.622373448;-0.276816043;4047881;0.797875515;1025443;0.202124485;388077;316394;251520;134950;28302;8662;7680;52117;0.0;1.0;0.0;1.0;0.0;0.0;0.0;0.0;0.0;0.0;0.0;0.0;1.0;0.0
2021;BR;Meteorologia ;29534069.0;22543385.65;5469272.037;4174701.046;0.744;212650323;429986500.2;114469785.2;84916868.61;29552916.63;0.266217161;0.19748729;0.068729871;5073324;41.91538388;1.622373448;-0.276816043;4047881;0.797875515;1025443;0.202124485;388077;316394;251520;134950;28302;8662;7680;52117;0.0;1.0;0.0;1.0;0.0;0.0;0.0;0.0;0.0;0.0;0.0;0.0;1.0;0.0
2021;BR;Meteorologia ;211726.0;211726.0;39208.51852;39208.51852;0.744;212650323;429986500.2;114469785.2;84916868.61;29552916.63;0.266217161;0.19748729;0.068729871;5073324;41.91538388;1.622373448;-0.276816043;4047881;0.797875515;1025443;0.202124485;388077;316394;251520;134950;28302;8662;7680;52117;1.0;0.0;0.0;1.0;0.0;0.0;0.0;0.0;0.0;0.0;0.0;0.0;1.0;0.0
2021;BR;Normatização e Fiscalização;151267828.0;86831861.69;28012560.74;16079974.39;0.744;212650323;429986500.2;114469785.2;84916868.61;29552916.63;0.266217161;0.19748729;0.068729871;5073324;41.91538388;1.622373448;-0.276816043;4047881;0.797875515;1025443;0.202124485;388077;316394;251520;134950;28302;8662;7680;52117;0.0;1.0;0.0;1.0;0.0;0.0;0.0;0.0;0.0;1.0;0.0;0.0;0.0;0.0
2021;BR;Ordenamento Territorial;245993422.0;30178597.94;45554337.41;5588629.248;0.744;212650323;429986500.2;114469785.2;84916868.61;29552916.63;0.266217161;0.19748729;0.068729871;5073324;41.91538388;1.622373448;-0.276816043;4047881;0.797875515;1025443;0.202124485;388077;316394;251520;134950;28302;8662;7680;52117;0.0;1.0;0.0;1.0;0.0;0.0;0.0;0.0;0.0;0.0;0.0;1.0;0.0;0.0
2021;BR;Preservação e Conservação Ambiental;17085228.0;15137530.51;3163931.111;2803246.391;0.744;212650323;429986500.2;114469785.2;84916868.61;29552916.63;0.266217161;0.19748729;0.068729871;5073324;41.91538388;1.622373448;-0.276816043;4047881;0.797875515;1025443;0.202124485;388077;316394;251520;134950;28302;8662;7680;52117;0.0;1.0;0.0;1.0;0.0;0.0;0.0;0.0;0.0;0.0;0.0;0.0;0.0;1.0
2021;BR;Promoção Comercial;21937498.0;16120659.3;4062499.63;2985307.278;0.744;212650323;429986500.2;114469785.2;84916868.61;29552916.63;0.266217161;0.19748729;0.068729871;5073324;41.91538388;1.622373448;-0.276816043;4047881;0.797875515;1025443;0.202124485;388077;316394;251520;134950;28302;8662;7680;52117;0.0;1.0;0.0;1.0;0.0;0.0;0.0;0.0;0.0;0.0;0.0;0.0;1.0;0.0
2021;BR;Promoção da Produção Agropecuária;1602437779.0;145783492.9;296747736.9;26996943.13;0.744;212650323;429986500.2;114469785.2;84916868.61;29552916.63;0.266217161;0.19748729;0.068729871;5073324;41.91538388;1.622373448;-0.276816043;4047881;0.797875515;1025443;0.202124485;388077;316394;251520;134950;28302;8662;7680;52117;0.0;1.0;0.0;1.0;0.0;0.0;0.0;0.0;0.0;0.0;0.0;0.0;1.0;0.0
2021;BR;Promoção da Produção Agropecuária;1182278011.0;1181199939.0;218940372.4;218740729.4;0.744;212650323;429986500.2;114469785.2;84916868.61;29552916.63;0.266217161;0.19748729;0.068729871;5073324;41.91538388;1.622373448;-0.276816043;4047881;0.797875515;1025443;0.202124485;388077;316394;251520;134950;28302;8662;7680;52117;0.0;0.0;1.0;1.0;0.0;0.0;0.0;0.0;0.0;0.0;0.0;0.0;1.0;0.0
2021;BR;Reforma Agrária;449553380.0;45118642.58;83250625.93;8355304.181;0.744;212650323;429986500.2;114469785.2;84916868.61;29552916.63;0.266217161;0.19748729;0.068729871;5073324;41.91538388;1.622373448;-0.276816043;4047881;0.797875515;1025443;0.202124485;388077;316394;251520;134950;28302;8662;7680;52117;0.0;1.0;0.0;1.0;0.0;0.0;0.0;0.0;0.0;0.0;0.0;1.0;0.0;0.0
2021;CO;Ensino Profissional;400000.0;0.0;74074.07407;0.0;0.757;16580745;233041406.3;62039621.52;46022715.76;16016905.76;0.266217161;0.19748729;0.068729871;347263;47.7469382;1.678945527;-0.228260363;265213;0.763723748;82050;0.236276252;20508;43610;13193;4884;3037;246;1457;3231;0.0;1.0;0.0;0.0;1.0;0.0;0.0;0.0;0.0;0.0;0.0;0.0;1.0;0.0
2021;CO;Extensão Rural;500000.0;0.0;92592.59259;0.0;0.757;16580745;233041406.3;62039621.52;46022715.76;16016905.76;0.266217161;0.19748729;0.068729871;347263;47.7469382;1.678945527;-0.228260363;265213;0.763723748;82050;0.236276252;20508;43610;13193;4884;3037;246;1457;3231;0.0;1.0;0.0;0.0;1.0;0.0;0.0;0.0;0.0;0.0;0.0;0.0;1.0;0.0
2021;DF;Desenvolvimento Tecnológico e Engenharia;500000.0;180471.49;92592.59259;33420.6463;0.814;3091667;286943782.0;76389358.94;56667749.86;19721609.08;0.266217161;0.19748729;0.068729871;5246;589.3379718;2.770364424;4.281227117;1211;0.230842547;4035;0.769157453;3568;418;218;163;35;7;88;42;0.0;1.0;0.0;0.0;1.0;0.0;0.0;0.0;0.0;0.0;1.0;0.0;0.0;0.0
2021;DF;Extensão Rural;0.0;0.0;0.0;0.0;0.814;3091667;286943782.0;76389358.94;56667749.86;19721609.08;0.266217161;0.19748729;0.068729871;5246;589.3379718;2.770364424;4.281227117;1211;0.230842547;4035;0.769157453;3568;418;218;163;35;7;88;42;0.0;1.0;0.0;0.0;1.0;0.0;0.0;0.0;0.0;0.0;0.0;1.0;0.0;0.0
2021;DF;Promoção da Produção Agropecuária;0.0;0.0;0.0;0.0;0.814;3091667;286943782.0;76389358.94;56667749.86;19721609.08;0.266217161;0.19748729;0.068729871;5246;589.3379718;2.770364424;4.281227117;1211;0.230842547;4035;0.769157453;3568;418;218;163;35;7;88;42;0.0;1.0;0.0;0.0;1.0;0.0;0.0;0.0;0.0;0.0;0.0;0.0;1.0;0.0
2021;DF;Reforma Agrária;0.0;0.0;0.0;0.0;0.814;3091667;286943782.0;76389358.94;56667749.86;19721609.08;0.266217161;0.19748729;0.068729871;5246;589.3379718;2.770364424;4.281227117;1211;0.230842547;4035;0.769157453;3568;418;218;163;35;7;88;42;0.0;1.0;0.0;0.0;1.0;0.0;0.0;0.0;0.0;0.0;0.0;1.0;0.0;0.0
2021;GO;Desenvolvimento Tecnológico e Engenharia;300000.0;5570.52;55555.55556;1031.577778;0.737;7208837;269627873.9;71779567.05;53248078.09;18531488.96;0.266217161;0.19748729;0.068729871;152174;47.37233036;1.675524749;-0.231379486;118755;0.780389554;33419;0.219610446;5515;18797;7421;1902;1286;80;324;1307;0.0;1.0;0.0;0.0;1.0;0.0;0.0;0.0;0.0;0.0;1.0;0.0;0.0;0.0
2021;GO;Promoção da Produção Agropecuária;13929993.0;382550.0;2579628.333;70842.59259;0.737;7208837;269627873.9;71779567.05;53248078.09;18531488.96;0.266217161;0.19748729;0.068729871;152174;47.37233036;1.675524749;-0.231379486;118755;0.780389554;33419;0.219610446;5515;18797;7421;1902;1286;80;324;1307;0.0;1.0;0.0;0.0;1.0;0.0;0.0;0.0;0.0;0.0;0.0;0.0;1.0;0.0
2021;MS;Desenvolvimento Tecnológico e Engenharia;350000.0;1834.48;64814.81481;339.7185185;0.742;2768103;142203766.4;37857082.94;28083436.44;9773646.502;0.266217161;0.19748729;0.068729871;71164;38.89751841;1.589921895;-0.301943909;48566;0.682451801;22598;0.317548199;6458;11803;3471;1065;881;73;698;795;0.0;1.0;0.0;0.0;1.0;0.0;0.0;0.0;0.0;0.0;1.0;0.0;0.0;0.0
2021;MS;Extensão Rural;630000.0;0.0;116666.6667;0.0;0.742;2768103;142203766.4;37857082.94;28083436.44;9773646.502;0.266217161;0.19748729;0.068729871;71164;38.89751841;1.589921895;-0.301943909;48566;0.682451801;22598;0.317548199;6458;11803;3471;1065;881;73;698;795;0.0;1.0;0.0;0.0;1.0;0.0;0.0;0.0;0.0;0.0;0.0;0.0;1.0;0.0
2021;MS;Promoção da Produção Agropecuária;5862000.0;0.0;1085555.556;0.0;0.742;2768103;142203766.4;37857082.94;28083436.44;9773646.502;0.266217161;0.19748729;0.068729871;71164;38.89751841;1.589921895;-0.301943909;48566;0.682451801;22598;0.317548199;6458;11803;3471;1065;881;73;698;795;0.0;1.0;0.0;0.0;1.0;0.0;0.0;0.0;0.0;0.0;0.0;0.0;1.0;0.0
2021;MT;Extensão Rural;1220000.0;0.0;225925.9259;0.0;0.736;3512138;233390202.6;62132477.08;46091598.6;16040878.49;0.266217161;0.19748729;0.068729871;118679;29.5935928;1.471197694;-0.379411838;96681;0.81464286;21998;0.18535714;4967;12592;2083;1754;835;86;347;1087;0.0;1.0;0.0;0.0;1.0;0.0;0.0;0.0;0.0;0.0;0.0;0.0;1.0;0.0
2021;MT;Promoção da Produção Agropecuária;24475523.0;21616931.15;4532504.259;4003135.398;0.736;3512138;233390202.6;62132477.08;46091598.6;16040878.49;0.266217161;0.19748729;0.068729871;118679;29.5935928;1.471197694;-0.379411838;96681;0.81464286;21998;0.18535714;4967;12592;2083;1754;835;86;347;1087;0.0;1.0;0.0;0.0;1.0;0.0;0.0;0.0;0.0;0.0;0.0;0.0;1.0;0.0
2021;NDS;Promoção da Produção Agropecuária;2140000.0;1640000.0;396296.2963;303703.7037;0.702;57522022;138122586.7;36770602.87;27277455.32;9493147.548;0.266217161;0.19748729;0.068729871;2322719;24.7649509;1.393837471;-0.419616899;2131915;0.917853171;190804;0.082146829;114425;44830;14614;4050;2016;5757;1962;13175;0.0;1.0;0.0;0.0;0.0;1.0;0.0;0.0;0.0;0.0;0.0;0.0;1.0;0.0
2021;AL;Extensão Rural;1500000.0;0.0;277777.7778;0.0;0.684;3358030;76265620.29;20303216.9;15061490.66;5241726.234;0.266217161;0.19748729;0.068729871;98542;34.07714477;1.532463199;-0.342080124;92457;0.93824968;6085;0.06175032;2619;1989;1009;112;73;43;49;484;0.0;1.0;0.0;0.0;0.0;1.0;0.0;0.0;0.0;0.0;0.0;0.0;1.0;0.0
2021;AL;Promoção da Produção Agropecuária;300000.0;0.0;55555.55556;0.0;0.684;3358030;76265620.29;20303216.9;15061490.66;5241726.234;0.266217161;0.19748729;0.068729871;98542;34.07714477;1.532463199;-0.342080124;92457;0.93824968;6085;0.06175032;2619;1989;1009;112;73;43;49;484;0.0;1.0;0.0;0.0;0.0;1.0;0.0;0.0;0.0;0.0;0.0;0.0;1.0;0.0
2021;BA;Difusão do Conhecimento Científico e Tecnológico;293000.0;0.0;54259.25926;0.0;0.691;14965636;352617851.8;93872923.34;69637543.92;24235379.42;0.266217161;0.19748729;0.068729871;762848;19.61811003;1.292657166;-0.462471401;704292;0.923240279;58556;0.076759721;24357;17143;8380;2135;940;3544;615;5365;0.0;1.0;0.0;0.0;0.0;1.0;0.0;0.0;0.0;0.0;1.0;0.0;0.0;0.0
2021;BA;Extensão Rural;2000000.0;0.0;370370.3704;0.0;0.691;14965636;352617851.8;93872923.34;69637543.92;24235379.42;0.266217161;0.19748729;0.068729871;762848;19.61811003;1.292657166;-0.462471401;704292;0.923240279;58556;0.076759721;24357;17143;8380;2135;940;3544;615;5365;0.0;1.0;0.0;0.0;0.0;1.0;0.0;0.0;0.0;0.0;0.0;0.0;1.0;0.0
2021;BA;Preservação e Conservação Ambiental;100000.0;100000.0;18518.51852;18518.51852;0.691;14965636;352617851.8;93872923.34;69637543.92;24235379.42;0.266217161;0.19748729;0.068729871;762848;19.61811003;1.292657166;-0.462471401;704292;0.923240279;58556;0.076759721;24357;17143;8380;2135;940;3544;615;5365;0.0;1.0;0.0;0.0;0.0;1.0;0.0;0.0;0.0;0.0;0.0;0.0;1.0;0.0
2021;BA;Promoção da Produção Agropecuária;26787415.0;300000.0;4960632.407;55555.55556;0.691;14965636;352617851.8;93872923.34;69637543.92;24235379.42;0.266217161;0.19748729;0.068729871;762848;19.61811003;1.292657166;-0.462471401;704292;0.923240279;58556;0.076759721;24357;17143;8380;2135;940;3544;615;5365;0.0;1.0;0.0;0.0;0.0;1.0;0.0;0.0;0.0;0.0;0.0;0.0;1.0;0.0
2021;CE;Difusão do Conhecimento Científico e Tecnológico;112002.0;38800.0;20741.11111;7185.185185;0.734;9237820;194884801.5;51881678.53;38487271.29;13394407.24;0.266217161;0.19748729;0.068729871;394330;23.42662237;1.369709677;-0.430760317;351722;0.891948368;42608;0.108051632;36430;4250;940;172;177;539;186;1184;0.0;1.0;0.0;0.0;0.0;1.0;0.0;0.0;0.0;0.0;1.0;0.0;0.0;0.0
2021;CE;Ordenamento Territorial;2240042.0;0.0;414822.5926;0.0;0.734;9237820;194884801.5;51881678.53;38487271.29;13394407.24;0.266217161;0.19748729;0.068729871;394330;23.42662237;1.369709677;-0.430760317;351722;0.891948368;42608;0.108051632;36430;4250;940;172;177;539;186;1184;0.0;1.0;0.0;0.0;0.0;1.0;0.0;0.0;0.0;0.0;0.0;1.0;0.0;0.0
2021;CE;Promoção da Produção Agropecuária;10481258.0;500000.0;1940973.704;92592.59259;0.734;9237820;194884801.5;51881678.53;38487271.29;13394407.24;0.266217161;0.19748729;0.068729871;394330;23.42662237;1.369709677;-0.430760317;351722;0.891948368;42608;0.108051632;36430;4250;940;172;177;539;186;1184;0.0;1.0;0.0;0.0;0.0;1.0;0.0;0.0;0.0;0.0;0.0;0.0;1.0;0.0
2021;MA;Promoção da Produção Agropecuária;8839986.0;0.0;1637034.444;0.0;0.676;7118214;124980720.0;33272012.43;24682103.68;8589908.747;0.266217161;0.19748729;0.068729871;219765;32.39011672;1.510412513;-0.356126945;210482;0.957759425;9283;0.042240575;4367;3216;372;400;171;115;185;836;0.0;1.0;0.0;0.0;0.0;1.0;0.0;0.0;0.0;0.0;0.0;0.0;1.0;0.0
2021;PB;Desenvolvimento Tecnológico e Engenharia;120000.0;0.0;22222.22222;0.0;0.698;4038225;77470331.03;20623931.57;15299405.72;5324525.848;0.266217161;0.19748729;0.068729871;163218;24.74129692;1.393422461;-0.41981385;134932;0.826698036;28286;0.173301964;21673;4980;1211;295;73;444;137;1104;0.0;1.0;0.0;0.0;0.0;1.0;0.0;0.0;0.0;0.0;1.0;0.0;0.0;0.0
2021;PB;Extensão Rural;400000.0;0.0;74074.07407;0.0;0.698;4038225;77470331.03;20623931.57;15299405.72;5324525.848;0.266217161;0.19748729;0.068729871;163218;24.74129692;1.393422461;-0.41981385;134932;0.826698036;28286;0.173301964;21673;4980;1211;295;73;444;137;1104;0.0;1.0;0.0;0.0;0.0;1.0;0.0;0.0;0.0;0.0;0.0;0.0;1.0;0.0
2021;PB;Promoção da Produção Agropecuária;9200000.0;0.0;1703703.704;0.0;0.698;4038225;77470331.03;20623931.57;15299405.72;5324525.848;0.266217161;0.19748729;0.068729871;163218;24.74129692;1.393422461;-0.41981385;134932;0.826698036;28286;0.173301964;21673;4980;1211;295;73;444;137;1104;0.0;1.0;0.0;0.0;0.0;1.0;0.0;0.0;0.0;0.0;0.0;0.0;1.0;0.0
2021;PE;Abastecimento;200000.0;39802.93;37037.03704;7370.912963;0.719;9616357;220813522.5;58784349.02;43607864.13;15176484.89;0.266217161;0.19748729;0.068729871;281688;34.1383268;1.533242232;-0.3415707;262693;0.932567238;18995;0.067432762;9750;4954;1392;569;322;889;83;2089;0.0;1.0;0.0;0.0;0.0;1.0;0.0;0.0;0.0;1.0;0.0;0.0;0.0;0.0
2021;PE;Desenvolvimento Tecnológico e Engenharia;100000.0;38024.02;18518.51852;7041.485185;0.719;9616357;220813522.5;58784349.02;43607864.13;15176484.89;0.266217161;0.19748729;0.068729871;281688;34.1383268;1.533242232;-0.3415707;262693;0.932567238;18995;0.067432762;9750;4954;1392;569;322;889;83;2089;0.0;1.0;0.0;0.0;0.0;1.0;0.0;0.0;0.0;0.0;1.0;0.0;0.0;0.0
2021;PE;Difusão do Conhecimento Científico e Tecnológico;200000.0;1725.0;37037.03704;319.4444444;0.719;9616357;220813522.5;58784349.02;43607864.13;15176484.89;0.266217161;0.19748729;0.068729871;281688;34.1383268;1.533242232;-0.3415707;262693;0.932567238;18995;0.067432762;9750;4954;1392;569;322;889;83;2089;0.0;1.0;0.0;0.0;0.0;1.0;0.0;0.0;0.0;0.0;1.0;0.0;0.0;0.0
2021;PE;Extensão Rural;239992.0;0.0;44442.96296;0.0;0.719;9616357;220813522.5;58784349.02;43607864.13;15176484.89;0.266217161;0.19748729;0.068729871;281688;34.1383268;1.533242232;-0.3415707;262693;0.932567238;18995;0.067432762;9750;4954;1392;569;322;889;83;2089;0.0;1.0;0.0;0.0;0.0;1.0;0.0;0.0;0.0;0.0;0.0;0.0;1.0;0.0
2021;PE;Promoção da Produção Agropecuária;1555000.0;0.0;287962.963;0.0;0.719;9616357;220813522.5;58784349.02;43607864.13;15176484.89;0.266217161;0.19748729;0.068729871;281688;34.1383268;1.533242232;-0.3415707;262693;0.932567238;18995;0.067432762;9750;4954;1392;569;322;889;83;2089;0.0;1.0;0.0;0.0;0.0;1.0;0.0;0.0;0.0;0.0;0.0;0.0;1.0;0.0
2021;PI;Ensino Profissional;500000.0;0.0;92592.59259;0.0;0.69;3288504;64028302.82;17045432.98;12644776.0;4400656.985;0.266217161;0.19748729;0.068729871;245601;13.38961975;1.126768244;-0.514332118;237127;0.965496883;8474;0.034503117;4304;2578;574;105;96;100;263;972;0.0;1.0;0.0;0.0;0.0;1.0;0.0;0.0;0.0;0.0;0.0;1.0;0.0;0.0
2021;PI;Extensão Rural;300000.0;0.0;55555.55556;0.0;0.69;3288504;64028302.82;17045432.98;12644776.0;4400656.985;0.266217161;0.19748729;0.068729871;245601;13.38961975;1.126768244;-0.514332118;237127;0.965496883;8474;0.034503117;4304;2578;574;105;96;100;263;972;0.0;1.0;0.0;0.0;0.0;1.0;0.0;0.0;0.0;0.0;0.0;0.0;1.0;0.0
2021;PI;Promoção da Produção Agropecuária;1500000.0;0.0;277777.7778;0.0;0.69;3288504;64028302.82;17045432.98;12644776.0;4400656.985;0.266217161;0.19748729;0.068729871;245601;13.38961975;1.126768244;-0.514332118;237127;0.965496883;8474;0.034503117;4304;2578;574;105;96;100;263;972;0.0;1.0;0.0;0.0;0.0;1.0;0.0;0.0;0.0;0.0;0.0;0.0;1.0;0.0
2021;RN;Ensino Profissional;640076.0;0.0;118532.5926;0.0;0.728;3560903;80180733.09;21345487.11;15834675.68;5510811.431;0.266217161;0.19748729;0.068729871;63452;56.11963374;1.749114828;-0.1585462;53247;0.839169766;10205;0.160830234;5484;3478;522;115;102;71;397;750;0.0;1.0;0.0;0.0;0.0;1.0;0.0;0.0;0.0;0.0;1.0;0.0;0.0;0.0
2021;RN;Extensão Rural;450000.0;0.0;83333.33333;0.0;0.728;3560903;80180733.09;21345487.11;15834675.68;5510811.431;0.266217161;0.19748729;0.068729871;63452;56.11963374;1.749114828;-0.1585462;53247;0.839169766;10205;0.160830234;5484;3478;522;115;102;71;397;750;0.0;1.0;0.0;0.0;0.0;1.0;0.0;0.0;0.0;0.0;0.0;0.0;1.0;0.0
2021;RN;Preservação e Conservação Ambiental;149996.0;0.0;27777.03704;0.0;0.728;3560903;80180733.09;21345487.11;15834675.68;5510811.431;0.266217161;0.19748729;0.068729871;63452;56.11963374;1.749114828;-0.1585462;53247;0.839169766;10205;0.160830234;5484;3478;522;115;102;71;397;750;0.0;1.0;0.0;0.0;0.0;1.0;0.0;0.0;0.0;0.0;0.0;0.0;1.0;0.0
2021;RN;Promoção da Produção Agropecuária;16582249.0;0.0;3070786.852;0.0;0.728;3560903;80180733.09;21345487.11;15834675.68;5510811.431;0.266217161;0.19748729;0.068729871;63452;56.11963374;1.749114828;-0.1585462;53247;0.839169766;10205;0.160830234;5484;3478;522;115;102;71;397;750;0.0;1.0;0.0;0.0;0.0;1.0;0.0;0.0;0.0;0.0;0.0;0.0;1.0;0.0
2021;SE;Extensão Rural;200000.0;0.0;37037.03704;0.0;0.702;2338333;51861396.89;13806393.83;10241966.72;3564427.111;0.266217161;0.19748729;0.068729871;93275;25.06923613;1.399141101;-0.417083307;84963;0.910887162;8312;0.089112838;5441;2242;214;147;62;12;47;391;0.0;1.0;0.0;0.0;0.0;1.0;0.0;0.0;0.0;0.0;0.0;0.0;1.0;0.0
2021;SE;Promoção da Produção Agropecuária;100000.0;100000.0;18518.51852;18518.51852;0.702;2338333;51861396.89;13806393.83;10241966.72;3564427.111;0.266217161;0.19748729;0.068729871;93275;25.06923613;1.399141101;-0.417083307;84963;0.910887162;8312;0.089112838;5441;2242;214;147;62;12;47;391;0.0;1.0;0.0;0.0;0.0;1.0;0.0;0.0;0.0;0.0;0.0;0.0;1.0;0.0
2021;AC;Extensão Rural;18985425.0;0.0;3515819.444;0.0;0.71;889829;21374440.01;5690242.732;4221180.23;1469062.502;0.266217161;0.19748729;0.068729871;37356;23.82024307;1.376946189;-0.427482886;33086;0.8856944;4270;0.1143056;2904;953;146;114;19;315;104;175;0.0;1.0;0.0;0.0;0.0;0.0;1.0;0.0;0.0;0.0;0.0;0.0;1.0;0.0
2021;AC;Ordenamento Territorial;600000.0;0.0;111111.1111;0.0;0.71;889829;21374440.01;5690242.732;4221180.23;1469062.502;0.266217161;0.19748729;0.068729871;37356;23.82024307;1.376946189;-0.427482886;33086;0.8856944;4270;0.1143056;2904;953;146;114;19;315;104;175;0.0;1.0;0.0;0.0;0.0;0.0;1.0;0.0;0.0;0.0;0.0;0.0;1.0;0.0
2021;AC;Promoção da Produção Agropecuária;65443313.0;0.0;12119132.04;0.0;0.71;889829;21374440.01;5690242.732;4221180.23;1469062.502;0.266217161;0.19748729;0.068729871;37356;23.82024307;1.376946189;-0.427482886;33086;0.8856944;4270;0.1143056;2904;953;146;114;19;315;104;175;0.0;1.0;0.0;0.0;0.0;0.0;1.0;0.0;0.0;0.0;0.0;0.0;1.0;0.0
2021;AM;Desenvolvimento Tecnológico e Engenharia;650000.0;0.0;120370.3704;0.0;0.7;4103520;131531037.8;35015819.43;25975708.19;9040111.243;0.266217161;0.19748729;0.068729871;80959;50.68639682;1.704891419;-0.203785342;71267;0.880285083;9692;0.119714917;8092;1137;248;54;43;145;20;412;0.0;1.0;0.0;0.0;0.0;0.0;1.0;0.0;0.0;0.0;1.0;0.0;0.0;0.0
2021;AM;Difusão do Conhecimento Científico e Tecnológico;540000.0;1961.99;100000.0;363.3314815;0.7;4103520;131531037.8;35015819.43;25975708.19;9040111.243;0.266217161;0.19748729;0.068729871;80959;50.68639682;1.704891419;-0.203785342;71267;0.880285083;9692;0.119714917;8092;1137;248;54;43;145;20;412;0.0;1.0;0.0;0.0;0.0;0.0;1.0;0.0;0.0;0.0;1.0;0.0;0.0;0.0
2021;AM;Extensão Rural;700000.0;0.0;129629.6296;0.0;0.7;4103520;131531037.8;35015819.43;25975708.19;9040111.243;0.266217161;0.19748729;0.068729871;80959;50.68639682;1.704891419;-0.203785342;71267;0.880285083;9692;0.119714917;8092;1137;248;54;43;145;20;412;0.0;1.0;0.0;0.0;0.0;0.0;1.0;0.0;0.0;0.0;0.0;0.0;1.0;0.0
2021;AM;Promoção da Produção Agropecuária;3150000.0;0.0;583333.3333;0.0;0.7;4103520;131531037.8;35015819.43;25975708.19;9040111.243;0.266217161;0.19748729;0.068729871;80959;50.68639682;1.704891419;-0.203785342;71267;0.880285083;9692;0.119714917;8092;1137;248;54;43;145;20;412;0.0;1.0;0.0;0.0;0.0;0.0;1.0;0.0;0.0;0.0;0.0;0.0;1.0;0.0
2021;AP;Desenvolvimento Tecnológico e Engenharia;300000.0;14100.0;55555.55556;2611.111111;0.688;869050;20099850.52;5350925.137;3969465.006;1381460.131;0.266217161;0.19748729;0.068729871;8507;102.1570471;2.009268331;0.224778351;7214;0.848007523;1293;0.151992477;1125;132;14;8;12;1;45;35;0.0;1.0;0.0;0.0;0.0;0.0;1.0;0.0;0.0;0.0;1.0;0.0;0.0;0.0
2021;AP;Extensão Rural;100000.0;0.0;18518.51852;0.0;0.688;869050;20099850.52;5350925.137;3969465.006;1381460.131;0.266217161;0.19748729;0.068729871;8507;102.1570471;2.009268331;0.224778351;7214;0.848007523;1293;0.151992477;1125;132;14;8;12;1;45;35;0.0;1.0;0.0;0.0;0.0;0.0;1.0;0.0;0.0;0.0;0.0;0.0;1.0;0.0
2021;AP;Promoção da Produção Agropecuária;550000.0;0.0;101851.8519;0.0;0.688;869050;20099850.52;5350925.137;3969465.006;1381460.131;0.266217161;0.19748729;0.068729871;8507;102.1570471;2.009268331;0.224778351;7214;0.848007523;1293;0.151992477;1125;132;14;8;12;1;45;35;0.0;1.0;0.0;0.0;0.0;0.0;1.0;0.0;0.0;0.0;0.0;0.0;1.0;0.0
2021;PA;Difusão do Conhecimento Científico e Tecnológico;900000.0;31559.92;166666.6667;5844.42963;0.69;8734772;262904979.1;69989817.09;51920391.82;18069425.26;0.266217161;0.19748729;0.068729871;281699;31.00746542;1.491466268;-0.367639411;264830;0.940116933;16869;0.059883067;8848;5051;1108;756;353;256;129;1141;0.0;1.0;0.0;0.0;0.0;0.0;1.0;0.0;0.0;0.0;1.0;0.0;0.0;0.0
2021;PA;Promoção da Produção Agropecuária;6079000.0;300000.0;1125740.741;55555.55556;0.69;8734772;262904979.1;69989817.09;51920391.82;18069425.26;0.266217161;0.19748729;0.068729871;281699;31.00746542;1.491466268;-0.367639411;264830;0.940116933;16869;0.059883067;8848;5051;1108;756;353;256;129;1141;0.0;1.0;0.0;0.0;0.0;0.0;1.0;0.0;0.0;0.0;0.0;0.0;1.0;0.0
2021;PA;Reforma Agrária;34436276.0;0.0;6377088.148;0.0;0.69;8734772;262904979.1;69989817.09;51920391.82;18069425.26;0.266217161;0.19748729;0.068729871;281699;31.00746542;1.491466268;-0.367639411;264830;0.940116933;16869;0.059883067;8848;5051;1108;756;353;256;129;1141;0.0;1.0;0.0;0.0;0.0;0.0;1.0;0.0;0.0;0.0;0.0;1.0;0.0;0.0
2021;RO;Extensão Rural;350000.0;0.0;64814.81481;0.0;0.7;1804543;58170095.73;15485877.73;11487854.56;3998023.168;0.266217161;0.19748729;0.068729871;91438;19.73515387;1.295240517;-0.461496851;74338;0.812988036;17100;0.187011964;13029;3343;384;456;197;62;35;446;0.0;1.0;0.0;0.0;0.0;0.0;1.0;0.0;0.0;0.0;0.0;0.0;1.0;0.0
2021;RO;Preservação e Conservação Ambiental;0.0;0.0;0.0;0.0;0.7;1804543;58170095.73;15485877.73;11487854.56;3998023.168;0.266217161;0.19748729;0.068729871;91438;19.73515387;1.295240517;-0.461496851;74338;0.812988036;17100;0.187011964;13029;3343;384;456;197;62;35;446;0.0;1.0;0.0;0.0;0.0;0.0;1.0;0.0;0.0;0.0;0.0;0.0;1.0;0.0
2021;RO;Promoção da Produção Agropecuária;5330073.0;0.0;987050.5556;0.0;0.7;1804543;58170095.73;15485877.73;11487854.56;3998023.168;0.266217161;0.19748729;0.068729871;91438;19.73515387;1.295240517;-0.461496851;74338;0.812988036;17100;0.187011964;13029;3343;384;456;197;62;35;446;0.0;1.0;0.0;0.0;0.0;0.0;1.0;0.0;0.0;0.0;0.0;0.0;1.0;0.0
2021;RR;Defesa Agropecuária;1000000.0;0.0;185185.1852;0.0;0.699;582002;18202579.49;4845839.03;3594778.092;1251060.938;0.266217161;0.19748729;0.068729871;16846;34.54837944;1.538427681;-0.33815645;14619;0.867802446;2227;0.132197554;1498;638;37;16;26;6;110;91;0.0;1.0;0.0;0.0;0.0;0.0;1.0;0.0;0.0;0.0;0.0;0.0;1.0;0.0
2021;RR;Desenvolvimento Tecnológico e Engenharia;250000.0;82504.2;46296.2963;15278.55556;0.699;582002;18202579.49;4845839.03;3594778.092;1251060.938;0.266217161;0.19748729;0.068729871;16846;34.54837944;1.538427681;-0.33815645;14619;0.867802446;2227;0.132197554;1498;638;37;16;26;6;110;91;0.0;1.0;0.0;0.0;0.0;0.0;1.0;0.0;0.0;0.0;1.0;0.0;0.0;0.0
2021;RR;Promoção da Produção Agropecuária;3400000.0;0.0;629629.6296;0.0;0.699;582002;18202579.49;4845839.03;3594778.092;1251060.938;0.266217161;0.19748729;0.068729871;16846;34.54837944;1.538427681;-0.33815645;14619;0.867802446;2227;0.132197554;1498;638;37;16;26;6;110;91;0.0;1.0;0.0;0.0;0.0;0.0;1.0;0.0;0.0;0.0;0.0;0.0;1.0;0.0
2021;TO;Promoção da Produção Agropecuária;8410117.0;5174050.68;1557429.074;958157.5333;0.731;1593903;51780764.39;13784928.08;10226042.83;3558885.25;0.266217161;0.19748729;0.068729871;63808;24.9796734;1.397586756;-0.41782904;54908;0.860519057;8900;0.139480943;4728;3383;286;221;172;12;276;425;0.0;1.0;0.0;0.0;0.0;0.0;1.0;0.0;0.0;0.0;0.0;0.0;1.0;0.0
2021;ES;Extensão Rural;1050000.0;0.0;194444.4444;0.0;0.771;4104647;186336504.8;49605975.25;36799091.34;12806883.91;0.266217161;0.19748729;0.068729871;108014;38.00106468;1.579795764;-0.309408114;82693;0.765576685;25321;0.234423315;8895;7833;7305;1312;403;44;354;1701;0.0;1.0;0.0;0.0;0.0;0.0;0.0;1.0;0.0;0.0;0.0;0.0;1.0;0.0
2021;ES;Meteorologia ;200000.0;0.0;37037.03704;0.0;0.771;4104647;186336504.8;49605975.25;36799091.34;12806883.91;0.266217161;0.19748729;0.068729871;108014;38.00106468;1.579795764;-0.309408114;82693;0.765576685;25321;0.234423315;8895;7833;7305;1312;403;44;354;1701;1.0;0.0;0.0;0.0;0.0;0.0;0.0;1.0;0.0;0.0;0.0;0.0;1.0;0.0
2021;ES;Ordenamento Territorial;3000000.0;0.0;555555.5556;0.0;0.771;4104647;186336504.8;49605975.25;36799091.34;12806883.91;0.266217161;0.19748729;0.068729871;108014;38.00106468;1.579795764;-0.309408114;82693;0.765576685;25321;0.234423315;8895;7833;7305;1312;403;44;354;1701;0.0;1.0;0.0;0.0;0.0;0.0;0.0;1.0;0.0;0.0;0.0;1.0;0.0;0.0
2021;ES;Promoção da Produção Agropecuária;81483896.0;147583.71;15089610.37;27330.31667;0.771;4104647;186336504.8;49605975.25;36799091.34;12806883.91;0.266217161;0.19748729;0.068729871;108014;38.00106468;1.579795764;-0.309408114;82693;0.765576685;25321;0.234423315;8895;7833;7305;1312;403;44;354;1701;0.0;1.0;0.0;0.0;0.0;0.0;0.0;1.0;0.0;0.0;0.0;0.0;1.0;0.0
2021;MG;Difusão do Conhecimento Científico e Tecnológico;100000.0;14043.64;18518.51852;2600.674074;0.774;21401130;857593213.7;228306030.4;169363759.6;58942270.84;0.266217161;0.19748729;0.068729871;607557;35.22489248;1.546849676;-0.332523552;448571;0.738319203;158986;0.261680797;54926;64141;38718;7477;2218;732;919;8611;0.0;1.0;0.0;0.0;0.0;0.0;0.0;1.0;0.0;0.0;1.0;0.0;0.0;0.0
2021;MG;Extensão Rural;1092000.0;0.0;202222.2222;0.0;0.774;21401130;857593213.7;228306030.4;169363759.6;58942270.84;0.266217161;0.19748729;0.068729871;607557;35.22489248;1.546849676;-0.332523552;448571;0.738319203;158986;0.261680797;54926;64141;38718;7477;2218;732;919;8611;0.0;1.0;0.0;0.0;0.0;0.0;0.0;1.0;0.0;0.0;0.0;0.0;1.0;0.0
2021;MG;Ordenamento Territorial;400000.0;0.0;74074.07407;0.0;0.774;21401130;857593213.7;228306030.4;169363759.6;58942270.84;0.266217161;0.19748729;0.068729871;607557;35.22489248;1.546849676;-0.332523552;448571;0.738319203;158986;0.261680797;54926;64141;38718;7477;2218;732;919;8611;0.0;1.0;0.0;0.0;0.0;0.0;0.0;1.0;0.0;0.0;0.0;0.0;1.0;0.0
2021;MG;Promoção da Produção Agropecuária;56132178.0;100000.0;10394847.78;18518.51852;0.774;21401130;857593213.7;228306030.4;169363759.6;58942270.84;0.266217161;0.19748729;0.068729871;607557;35.22489248;1.546849676;-0.332523552;448571;0.738319203;158986;0.261680797;54926;64141;38718;7477;2218;732;919;8611;0.0;1.0;0.0;0.0;0.0;0.0;0.0;1.0;0.0;0.0;0.0;0.0;1.0;0.0
2021;RJ;Difusão do Conhecimento Científico e Tecnológico;600000.0;38264.15;111111.1111;7085.953704;0.762;17462801;949300770.4;252720155.8;187474836.4;65245319.37;0.266217161;0.19748729;0.068729871;65224;267.7358181;2.427706476;1.603448506;49149;0.753541641;16075;0.246458359;6803;7234;1288;180;213;41;36;1653;0.0;1.0;0.0;0.0;0.0;0.0;0.0;1.0;0.0;0.0;1.0;0.0;0.0;0.0
2021;RJ;Extensão Rural;3260000.0;0.0;603703.7037;0.0;0.762;17462801;949300770.4;252720155.8;187474836.4;65245319.37;0.266217161;0.19748729;0.068729871;65224;267.7358181;2.427706476;1.603448506;49149;0.753541641;16075;0.246458359;6803;7234;1288;180;213;41;36;1653;0.0;1.0;0.0;0.0;0.0;0.0;0.0;1.0;0.0;0.0;0.0;0.0;1.0;0.0
2021;RJ;Promoção da Produção Agropecuária;16206063.0;0.0;3001122.778;0.0;0.762;17462801;949300770.4;252720155.8;187474836.4;65245319.37;0.266217161;0.19748729;0.068729871;65224;267.7358181;2.427706476;1.603448506;49149;0.753541641;16075;0.246458359;6803;7234;1288;180;213;41;36;1653;0.0;1.0;0.0;0.0;0.0;0.0;0.0;1.0;0.0;0.0;0.0;0.0;1.0;0.0
2021;SP;Extensão Rural;400000.0;0.0;74074.07407;0.0;0.806;46642575;2719751231.0;724044450.7;537116299.8;186928150.9;0.266217161;0.19748729;0.068729871;188620;247.2832945;2.393194778;1.433153221;111409;0.590653165;77211;0.409346835;18281;36058;19008;5260;1858;195;539;5936;0.0;1.0;0.0;0.0;0.0;0.0;0.0;1.0;0.0;0.0;0.0;0.0;1.0;0.0
2021;SP;Promoção da Produção Agropecuária;9645000.0;0.0;1786111.111;0.0;0.806;46642575;2719751231.0;724044450.7;537116299.8;186928150.9;0.266217161;0.19748729;0.068729871;188620;247.2832945;2.393194778;1.433153221;111409;0.590653165;77211;0.409346835;18281;36058;19008;5260;1858;195;539;5936;0.0;1.0;0.0;0.0;0.0;0.0;0.0;1.0;0.0;0.0;0.0;0.0;1.0;0.0
2021;SP;Reforma Agrária;400000.0;0.0;74074.07407;0.0;0.806;46642575;2719751231.0;724044450.7;537116299.8;186928150.9;0.266217161;0.19748729;0.068729871;188620;247.2832945;2.393194778;1.433153221;111409;0.590653165;77211;0.409346835;18281;36058;19008;5260;1858;195;539;5936;0.0;1.0;0.0;0.0;0.0;0.0;0.0;1.0;0.0;0.0;0.0;1.0;0.0;0.0
2021;SUL;Difusão do Conhecimento Científico e Tecnológico;150000.0;110011.66;27777.77778;20372.52963;0.777;30358784;519942542.6;138417627.4;102682043.6;35735583.81;0.266217161;0.19748729;0.068729871;853314;35.57750605;1.551175501;-0.329587561;438669;0.514076881;414645;0.485923119;124015;98051;155171;110162;17735;850;1694;15085;0.0;1.0;0.0;0.0;0.0;0.0;0.0;0.0;1.0;0.0;1.0;0.0;0.0;0.0
2021;SUL;Promoção da Produção Agropecuária;1370000.0;0.0;253703.7037;0.0;0.777;30358784;519942542.6;138417627.4;102682043.6;35735583.81;0.266217161;0.19748729;0.068729871;853314;35.57750605;1.551175501;-0.329587561;438669;0.514076881;414645;0.485923119;124015;98051;155171;110162;17735;850;1694;15085;0.0;1.0;0.0;0.0;0.0;0.0;0.0;0.0;1.0;0.0;0.0;0.0;1.0;0.0
2021;PR;Desenvolvimento Tecnológico e Engenharia;400000.0;50637.05;74074.07407;9377.231481;0.769;11584089;549973061.9;146412267.0;108612689.5;37799577.53;0.266217161;0.19748729;0.068729871;305154;37.96145225;1.579342818;-0.309737942;167655;0.549411117;137499;0.450588883;30044;35223;63410;26217;6099;250;244;4684;0.0;1.0;0.0;0.0;0.0;0.0;0.0;0.0;1.0;0.0;1.0;0.0;0.0;0.0
2021;PR;Extensão Rural;102898838.0;0.0;19055340.37;0.0;0.769;11584089;549973061.9;146412267.0;108612689.5;37799577.53;0.266217161;0.19748729;0.068729871;305154;37.96145225;1.579342818;-0.309737942;167655;0.549411117;137499;0.450588883;30044;35223;63410;26217;6099;250;244;4684;0.0;1.0;0.0;0.0;0.0;0.0;0.0;0.0;1.0;0.0;0.0;0.0;1.0;0.0
2021;PR;Promoção da Produção Agropecuária;12747986.0;100000.0;2360738.148;18518.51852;0.769;11584089;549973061.9;146412267.0;108612689.5;37799577.53;0.266217161;0.19748729;0.068729871;305154;37.96145225;1.579342818;-0.309737942;167655;0.549411117;137499;0.450588883;30044;35223;63410;26217;6099;250;244;4684;0.0;1.0;0.0;0.0;0.0;0.0;0.0;0.0;1.0;0.0;0.0;0.0;1.0;0.0
2021;PR;Reforma Agrária;2240042.0;0.0;414822.5926;0.0;0.769;11584089;549973061.9;146412267.0;108612689.5;37799577.53;0.266217161;0.19748729;0.068729871;305154;37.96145225;1.579342818;-0.309737942;167655;0.549411117;137499;0.450588883;30044;35223;63410;26217;6099;250;244;4684;0.0;1.0;0.0;0.0;0.0;0.0;0.0;0.0;1.0;0.0;0.0;1.0;0.0;0.0
2021;RS;Difusão do Conhecimento Científico e Tecnológico;100000.0;0.0;18518.51852;0.0;0.771;11448117;581283677.3;154747690.2;114796138.1;39951552.08;0.266217161;0.19748729;0.068729871;365094;31.3566287;1.496329364;-0.364732149;182811;0.500723101;182283;0.499276899;58551;44802;60144;52534;8968;411;880;7050;0.0;1.0;0.0;0.0;0.0;0.0;0.0;0.0;1.0;0.0;1.0;0.0;0.0;0.0
2021;RS;Ensino Profissional;1360000.0;0.0;251851.8519;0.0;0.771;11448117;581283677.3;154747690.2;114796138.1;39951552.08;0.266217161;0.19748729;0.068729871;365094;31.3566287;1.496329364;-0.364732149;182811;0.500723101;182283;0.499276899;58551;44802;60144;52534;8968;411;880;7050;0.0;1.0;0.0;0.0;0.0;0.0;0.0;0.0;1.0;0.0;0.0;1.0;0.0;0.0
2021;RS;Extensão Rural;500000.0;0.0;92592.59259;0.0;0.771;11448117;581283677.3;154747690.2;114796138.1;39951552.08;0.266217161;0.19748729;0.068729871;365094;31.3566287;1.496329364;-0.364732149;182811;0.500723101;182283;0.499276899;58551;44802;60144;52534;8968;411;880;7050;0.0;1.0;0.0;0.0;0.0;0.0;0.0;0.0;1.0;0.0;0.0;0.0;1.0;0.0
2021;RS;Promoção da Produção Agropecuária;112924390.0;1071173.0;20911924.07;198365.3704;0.771;11448117;581283677.3;154747690.2;114796138.1;39951552.08;0.266217161;0.19748729;0.068729871;365094;31.3566287;1.496329364;-0.364732149;182811;0.500723101;182283;0.499276899;58551;44802;60144;52534;8968;411;880;7050;0.0;1.0;0.0;0.0;0.0;0.0;0.0;0.0;1.0;0.0;0.0;0.0;1.0;0.0
2021;SC;Extensão Rural;200000.0;0.0;37037.03704;0.0;0.792;7326578;428570888.8;114092925.2;84637303.35;29455621.85;0.266217161;0.19748729;0.068729871;183066;40.02151137;1.602293485;-0.292585127;88203;0.481809839;94863;0.518190161;35420;18026;31617;31411;2668;189;570;3351;0.0;1.0;0.0;0.0;0.0;0.0;0.0;0.0;1.0;0.0;0.0;0.0;1.0;0.0
2021;SC;Promoção da Produção Agropecuária;86924382.0;0.0;16097107.78;0.0;0.792;7326578;428570888.8;114092925.2;84637303.35;29455621.85;0.266217161;0.19748729;0.068729871;183066;40.02151137;1.602293485;-0.292585127;88203;0.481809839;94863;0.518190161;35420;18026;31617;31411;2668;189;570;3351;0.0;1.0;0.0;0.0;0.0;0.0;0.0;0.0;1.0;0.0;0.0;0.0;1.0;0.0
2022;BR;Abastecimento;242277770.0;126050691.4;46953056.2;24428428.57;0.768;214448798;418127896.7;105644540.4;76308446.58;29336093.84;0.252660828;0.182500252;0.070160575;5073324;42.26988026;1.626031018;-0.273864375;4047881;0.797875515;1025443;0.202124485;388077;316394;251520;134950;28302;8662;7680;52117;0.0;1.0;0.0;1.0;0.0;0.0;0.0;0.0;0.0;1.0;0.0;0.0;0.0;0.0
2022;BR;Administração Geral;515253458.0;397102379.9;99855321.32;76957825.56;0.768;214448798;418127896.7;105644540.4;76308446.58;29336093.84;0.252660828;0.182500252;0.070160575;5073324;42.26988026;1.626031018;-0.273864375;4047881;0.797875515;1025443;0.202124485;388077;316394;251520;134950;28302;8662;7680;52117;0.0;1.0;0.0;1.0;0.0;0.0;0.0;0.0;0.0;0.0;0.0;0.0;1.0;0.0
2022;BR;Assistência Comunitária;468040642.0;468040642.0;90705550.78;90705550.78;0.768;214448798;418127896.7;105644540.4;76308446.58;29336093.84;0.252660828;0.182500252;0.070160575;5073324;42.26988026;1.626031018;-0.273864375;4047881;0.797875515;1025443;0.202124485;388077;316394;251520;134950;28302;8662;7680;52117;0.0;0.0;1.0;1.0;0.0;0.0;0.0;0.0;0.0;0.0;0.0;0.0;1.0;0.0
2022;BR;Atenção Básica;257826027.0;160744596.1;49966284.3;31152053.51;0.768;214448798;418127896.7;105644540.4;76308446.58;29336093.84;0.252660828;0.182500252;0.070160575;5073324;42.26988026;1.626031018;-0.273864375;4047881;0.797875515;1025443;0.202124485;388077;316394;251520;134950;28302;8662;7680;52117;0.0;1.0;0.0;1.0;0.0;0.0;0.0;0.0;0.0;0.0;0.0;0.0;1.0;0.0
2022;BR;Defesa Agropecuária;23474574.0;5615984.38;4549336.047;1088369.066;0.768;214448798;418127896.7;105644540.4;76308446.58;29336093.84;0.252660828;0.182500252;0.070160575;5073324;42.26988026;1.626031018;-0.273864375;4047881;0.797875515;1025443;0.202124485;388077;316394;251520;134950;28302;8662;7680;52117;0.0;1.0;0.0;1.0;0.0;0.0;0.0;0.0;0.0;0.0;0.0;0.0;1.0;0.0
2022;BR;Desenvolvimento Científico;4150000.0;0.0;804263.5659;0.0;0.768;214448798;418127896.7;105644540.4;76308446.58;29336093.84;0.252660828;0.182500252;0.070160575;5073324;42.26988026;1.626031018;-0.273864375;4047881;0.797875515;1025443;0.202124485;388077;316394;251520;134950;28302;8662;7680;52117;0.0;1.0;0.0;1.0;0.0;0.0;0.0;0.0;0.0;0.0;1.0;0.0;0.0;0.0
2022;BR;Desenvolvimento Tecnológico e Engenharia;197986050.0;102448014.6;38369389.53;19854266.4;0.768;214448798;418127896.7;105644540.4;76308446.58;29336093.84;0.252660828;0.182500252;0.070160575;5073324;42.26988026;1.626031018;-0.273864375;4047881;0.797875515;1025443;0.202124485;388077;316394;251520;134950;28302;8662;7680;52117;0.0;1.0;0.0;1.0;0.0;0.0;0.0;0.0;0.0;0.0;1.0;0.0;0.0;0.0
2022;BR;Difusão do Conhecimento Científico e Tecnológico;34880575.0;27142726.48;6759801.357;5260218.31;0.768;214448798;418127896.7;105644540.4;76308446.58;29336093.84;0.252660828;0.182500252;0.070160575;5073324;42.26988026;1.626031018;-0.273864375;4047881;0.797875515;1025443;0.202124485;388077;316394;251520;134950;28302;8662;7680;52117;0.0;1.0;0.0;1.0;0.0;0.0;0.0;0.0;0.0;0.0;1.0;0.0;0.0;0.0
2022;BR;Direitos Individuais, Coletivos e Difusos;1200000.0;1041528.76;232558.1395;201846.6589;0.768;214448798;418127896.7;105644540.4;76308446.58;29336093.84;0.252660828;0.182500252;0.070160575;5073324;42.26988026;1.626031018;-0.273864375;4047881;0.797875515;1025443;0.202124485;388077;316394;251520;134950;28302;8662;7680;52117;0.0;1.0;0.0;1.0;0.0;0.0;0.0;0.0;0.0;0.0;0.0;1.0;0.0;0.0
2022;BR;Educação de Jovens e Adultos;0.0;0.0;0.0;0.0;0.768;214448798;418127896.7;105644540.4;76308446.58;29336093.84;0.252660828;0.182500252;0.070160575;5073324;42.26988026;1.626031018;-0.273864375;4047881;0.797875515;1025443;0.202124485;388077;316394;251520;134950;28302;8662;7680;52117;0.0;1.0;0.0;1.0;0.0;0.0;0.0;0.0;0.0;0.0;0.0;0.0;1.0;0.0
2022;BR;Ensino Profissional;21174071.0;10936792.0;4103502.132;2119533.333;0.768;214448798;418127896.7;105644540.4;76308446.58;29336093.84;0.252660828;0.182500252;0.070160575;5073324;42.26988026;1.626031018;-0.273864375;4047881;0.797875515;1025443;0.202124485;388077;316394;251520;134950;28302;8662;7680;52117;0.0;1.0;0.0;1.0;0.0;0.0;0.0;0.0;0.0;0.0;1.0;0.0;0.0;0.0
2022;BR;Extensão Rural;27760848.0;20368227.4;5380009.302;3947330.891;0.768;214448798;418127896.7;105644540.4;76308446.58;29336093.84;0.252660828;0.182500252;0.070160575;5073324;42.26988026;1.626031018;-0.273864375;4047881;0.797875515;1025443;0.202124485;388077;316394;251520;134950;28302;8662;7680;52117;0.0;1.0;0.0;1.0;0.0;0.0;0.0;0.0;0.0;0.0;0.0;1.0;0.0;0.0
2022;BR;Meteorologia ;24340765.0;22353258.76;4717202.519;4332026.891;0.768;214448798;418127896.7;105644540.4;76308446.58;29336093.84;0.252660828;0.182500252;0.070160575;5073324;42.26988026;1.626031018;-0.273864375;4047881;0.797875515;1025443;0.202124485;388077;316394;251520;134950;28302;8662;7680;52117;0.0;1.0;0.0;1.0;0.0;0.0;0.0;0.0;0.0;0.0;0.0;0.0;1.0;0.0
2022;BR;Meteorologia ;400000.0;400000.0;77519.37984;77519.37984;0.768;214448798;418127896.7;105644540.4;76308446.58;29336093.84;0.252660828;0.182500252;0.070160575;5073324;42.26988026;1.626031018;-0.273864375;4047881;0.797875515;1025443;0.202124485;388077;316394;251520;134950;28302;8662;7680;52117;1.0;0.0;0.0;1.0;0.0;0.0;0.0;0.0;0.0;0.0;0.0;0.0;1.0;0.0
2022;BR;Normatização e Fiscalização;163115545.0;102766173.0;31611539.73;19915925.0;0.768;214448798;418127896.7;105644540.4;76308446.58;29336093.84;0.252660828;0.182500252;0.070160575;5073324;42.26988026;1.626031018;-0.273864375;4047881;0.797875515;1025443;0.202124485;388077;316394;251520;134950;28302;8662;7680;52117;0.0;1.0;0.0;1.0;0.0;0.0;0.0;0.0;0.0;0.0;0.0;0.0;1.0;0.0
2022;BR;Ordenamento Territorial;45294420.0;16675127.74;8777988.372;3231613.903;0.768;214448798;418127896.7;105644540.4;76308446.58;29336093.84;0.252660828;0.182500252;0.070160575;5073324;42.26988026;1.626031018;-0.273864375;4047881;0.797875515;1025443;0.202124485;388077;316394;251520;134950;28302;8662;7680;52117;0.0;1.0;0.0;1.0;0.0;0.0;0.0;0.0;0.0;0.0;0.0;1.0;0.0;0.0
2022;BR;Preservação e Conservação Ambiental;28505695.0;8924931.31;5524359.496;1729637.851;0.768;214448798;418127896.7;105644540.4;76308446.58;29336093.84;0.252660828;0.182500252;0.070160575;5073324;42.26988026;1.626031018;-0.273864375;4047881;0.797875515;1025443;0.202124485;388077;316394;251520;134950;28302;8662;7680;52117;0.0;1.0;0.0;1.0;0.0;0.0;0.0;0.0;0.0;0.0;0.0;0.0;0.0;1.0
2022;BR;Promoção Comercial;25458320.85;22304636.88;4933783.11;4322604.047;0.768;214448798;418127896.7;105644540.4;76308446.58;29336093.84;0.252660828;0.182500252;0.070160575;5073324;42.26988026;1.626031018;-0.273864375;4047881;0.797875515;1025443;0.202124485;388077;316394;251520;134950;28302;8662;7680;52117;0.0;1.0;0.0;1.0;0.0;0.0;0.0;0.0;0.0;0.0;0.0;0.0;1.0;0.0
2022;BR;Promoção da Produção Agropecuária;2414054843.0;55575330.37;467840085.9;10770412.86;0.768;214448798;418127896.7;105644540.4;76308446.58;29336093.84;0.252660828;0.182500252;0.070160575;5073324;42.26988026;1.626031018;-0.273864375;4047881;0.797875515;1025443;0.202124485;388077;316394;251520;134950;28302;8662;7680;52117;0.0;1.0;0.0;1.0;0.0;0.0;0.0;0.0;0.0;0.0;0.0;0.0;1.0;0.0
2022;BR;Promoção da Produção Agropecuária;1109534253.0;1090226640.0;215026018.0;211284232.6;0.768;214448798;418127896.7;105644540.4;76308446.58;29336093.84;0.252660828;0.182500252;0.070160575;5073324;42.26988026;1.626031018;-0.273864375;4047881;0.797875515;1025443;0.202124485;388077;316394;251520;134950;28302;8662;7680;52117;0.0;0.0;1.0;1.0;0.0;0.0;0.0;0.0;0.0;0.0;0.0;0.0;1.0;0.0
2022;BR;Reforma Agrária;165456306.0;8720280.32;32065175.58;1689976.806;0.768;214448798;418127896.7;105644540.4;76308446.58;29336093.84;0.252660828;0.182500252;0.070160575;5073324;42.26988026;1.626031018;-0.273864375;4047881;0.797875515;1025443;0.202124485;388077;316394;251520;134950;28302;8662;7680;52117;0.0;1.0;0.0;1.0;0.0;0.0;0.0;0.0;0.0;0.0;0.0;1.0;0.0;0.0
2022;CO;Promoção da Produção Agropecuária;1200000.0;0.0;232558.1395;0.0;0.782;16809160;226780888.0;57298646.84;41387569.24;15911077.6;0.252660828;0.182500252;0.070160575;347263;48.40469615;1.684887498;-0.222783627;265213;0.763723748;82050;0.236276252;20508;43610;13193;4884;3037;246;1457;3231;0.0;1.0;0.0;0.0;1.0;0.0;0.0;0.0;0.0;0.0;0.0;0.0;1.0;0.0
2022;DF;Desenvolvimento Tecnológico e Engenharia;350000.0;63097.0;67829.45736;12228.10078;0.836;3135548;306294015.6;77388499.47;55898735.08;21489764.39;0.252660828;0.182500252;0.070160575;5246;597.7026306;2.776485167;4.350874363;1211;0.230842547;4035;0.769157453;3568;418;218;163;35;7;88;42;0.0;1.0;0.0;0.0;1.0;0.0;0.0;0.0;0.0;0.0;1.0;0.0;0.0;0.0
2022;DF;Difusão do Conhecimento Científico e Tecnológico;250000.0;75170.88;48449.6124;14568.0;0.836;3135548;306294015.6;77388499.47;55898735.08;21489764.39;0.252660828;0.182500252;0.070160575;5246;597.7026306;2.776485167;4.350874363;1211;0.230842547;4035;0.769157453;3568;418;218;163;35;7;88;42;0.0;1.0;0.0;0.0;1.0;0.0;0.0;0.0;0.0;0.0;1.0;0.0;0.0;0.0
2022;DF;Promoção da Produção Agropecuária;100000.0;100000.0;19379.84496;19379.84496;0.836;3135548;306294015.6;77388499.47;55898735.08;21489764.39;0.252660828;0.182500252;0.070160575;5246;597.7026306;2.776485167;4.350874363;1211;0.230842547;4035;0.769157453;3568;418;218;163;35;7;88;42;0.0;1.0;0.0;0.0;1.0;0.0;0.0;0.0;0.0;0.0;0.0;0.0;1.0;0.0
2022;GO;Promoção da Produção Agropecuária;1.0;0.0;0.19379845;0.0;0.761;7316981;257317311.2;65014004.8;46960474.17;18053530.63;0.252660828;0.182500252;0.070160575;152174;48.08299052;1.681991471;-0.225462267;118755;0.780389554;33419;0.219610446;5515;18797;7421;1902;1286;80;324;1307;0.0;1.0;0.0;0.0;1.0;0.0;0.0;0.0;0.0;0.0;0.0;0.0;1.0;0.0
2022;MS;Desenvolvimento Tecnológico e Engenharia;200000.0;51312.9;38759.68992;9944.360465;0.768;2800720;138912708.7;35097799.94;25351604.36;9746195.579;0.252660828;0.182500252;0.070160575;71164;39.35585408;1.595009342;-0.298127636;48566;0.682451801;22598;0.317548199;6458;11803;3471;1065;881;73;698;795;0.0;1.0;0.0;0.0;1.0;0.0;0.0;0.0;0.0;0.0;1.0;0.0;0.0;0.0
2022;MT;Desenvolvimento Tecnológico e Engenharia;3339080.0;2273955.88;647108.5271;440689.124;0.763;3555911;204599516.5;51694283.16;37339463.35;14354819.81;0.252660828;0.182500252;0.070160575;118679;29.96242806;1.476577004;-0.376340779;96681;0.81464286;21998;0.18535714;4967;12592;2083;1754;835;86;347;1087;0.0;1.0;0.0;0.0;1.0;0.0;0.0;0.0;0.0;0.0;1.0;0.0;0.0;0.0
2022;NDS;Promoção da Produção Agropecuária;2140000.0;2140000.0;414728.6822;414728.6822;0.724;57850281;139011217.3;35122689.21;25369582.21;9753106.999;0.252660828;0.182500252;0.070160575;2322719;24.90627622;1.3963088;-0.418440172;2131915;0.917853171;190804;0.082146829;114425;44830;14614;4050;2016;5757;1962;13175;0.0;1.0;0.0;0.0;0.0;1.0;0.0;0.0;0.0;0.0;0.0;0.0;1.0;0.0
2022;AL;Desenvolvimento Tecnológico e Engenharia;1000000.0;164637.14;193798.4496;31906.42248;0.701;3374255;73199609.19;18494673.84;13358947.13;5135726.703;0.252660828;0.182500252;0.070160575;98542;34.24179538;1.534556528;-0.340709182;92457;0.93824968;6085;0.06175032;2619;1989;1009;112;73;43;49;484;0.0;1.0;0.0;0.0;0.0;1.0;0.0;0.0;0.0;0.0;1.0;0.0;0.0;0.0
2022;AL;Promoção da Produção Agropecuária;1300000.0;0.0;251937.9845;0.0;0.701;3374255;73199609.19;18494673.84;13358947.13;5135726.703;0.252660828;0.182500252;0.070160575;98542;34.24179538;1.534556528;-0.340709182;92457;0.93824968;6085;0.06175032;2619;1989;1009;112;73;43;49;484;0.0;1.0;0.0;0.0;0.0;1.0;0.0;0.0;0.0;0.0;0.0;0.0;1.0;0.0
2022;BA;Difusão do Conhecimento Científico e Tecnológico;250000.0;134037.0;48449.6124;25976.16279;0.72;15032564;353336059.7;89274181.26;64483919.99;24790261.27;0.252660828;0.182500252;0.070160575;762848;19.70584441;1.29459505;-0.461740892;704292;0.923240279;58556;0.076759721;24357;17143;8380;2135;940;3544;615;5365;0.0;1.0;0.0;0.0;0.0;1.0;0.0;0.0;0.0;0.0;1.0;0.0;0.0;0.0
2022;BA;Ensino Profissional;0.0;0.0;0.0;0.0;0.72;15032564;353336059.7;89274181.26;64483919.99;24790261.27;0.252660828;0.182500252;0.070160575;762848;19.70584441;1.29459505;-0.461740892;704292;0.923240279;58556;0.076759721;24357;17143;8380;2135;940;3544;615;5365;0.0;1.0;0.0;0.0;0.0;1.0;0.0;0.0;0.0;0.0;0.0;0.0;1.0;0.0
2022;BA;Preservação e Conservação Ambiental;100000.0;100000.0;19379.84496;19379.84496;0.72;15032564;353336059.7;89274181.26;64483919.99;24790261.27;0.252660828;0.182500252;0.070160575;762848;19.70584441;1.29459505;-0.461740892;704292;0.923240279;58556;0.076759721;24357;17143;8380;2135;940;3544;615;5365;0.0;1.0;0.0;0.0;0.0;1.0;0.0;0.0;0.0;0.0;0.0;0.0;1.0;0.0
2022;BA;Promoção da Produção Agropecuária;34360000.0;1782594.62;6658914.729;345464.0736;0.72;15032564;353336059.7;89274181.26;64483919.99;24790261.27;0.252660828;0.182500252;0.070160575;762848;19.70584441;1.29459505;-0.461740892;704292;0.923240279;58556;0.076759721;24357;17143;8380;2135;940;3544;615;5365;0.0;1.0;0.0;0.0;0.0;1.0;0.0;0.0;0.0;0.0;0.0;0.0;1.0;0.0
2022;CE;Promoção da Produção Agropecuária;2050000.0;695712.84;397286.8217;134828.0698;0.755;9296572;195550542.8;49407961.98;35688023.37;13719938.61;0.252660828;0.182500252;0.070160575;394330;23.57561433;1.372463018;-0.429519755;351722;0.891948368;42608;0.108051632;36430;4250;940;172;177;539;186;1184;0.0;1.0;0.0;0.0;0.0;1.0;0.0;0.0;0.0;0.0;0.0;0.0;1.0;0.0
2022;MA;Difusão do Conhecimento Científico e Tecnológico;110000.0;58207.11;21317.82946;11280.44767;0.7;7157890;123237892.8;31137387.99;22490946.51;8646441.476;0.252660828;0.182500252;0.070160575;219765;32.57065502;1.512826493;-0.354623716;210482;0.957759425;9283;0.042240575;4367;3216;372;400;171;115;185;836;0.0;1.0;0.0;0.0;0.0;1.0;0.0;0.0;0.0;0.0;1.0;0.0;0.0;0.0
2022;PB;Desenvolvimento Tecnológico e Engenharia;250000.0;224279.5;48449.6124;43465.01938;0.722;4058370;80438155.61;20323570.97;14679983.68;5643587.285;0.252660828;0.182500252;0.070160575;163218;24.8647208;1.395583587;-0.418786177;134932;0.826698036;28286;0.173301964;21673;4980;1211;295;73;444;137;1104;0.0;1.0;0.0;0.0;0.0;1.0;0.0;0.0;0.0;0.0;1.0;0.0;0.0;0.0
2022;PB;Difusão do Conhecimento Científico e Tecnológico;150000.0;17983.22;29069.76744;3485.120155;0.722;4058370;80438155.61;20323570.97;14679983.68;5643587.285;0.252660828;0.182500252;0.070160575;163218;24.8647208;1.395583587;-0.418786177;134932;0.826698036;28286;0.173301964;21673;4980;1211;295;73;444;137;1104;0.0;1.0;0.0;0.0;0.0;1.0;0.0;0.0;0.0;0.0;1.0;0.0;0.0;0.0
2022;PB;Promoção da Produção Agropecuária;11100000.0;1150000.0;2151162.791;222868.2171;0.722;4058370;80438155.61;20323570.97;14679983.68;5643587.285;0.252660828;0.182500252;0.070160575;163218;24.8647208;1.395583587;-0.418786177;134932;0.826698036;28286;0.173301964;21673;4980;1211;295;73;444;137;1104;0.0;1.0;0.0;0.0;0.0;1.0;0.0;0.0;0.0;0.0;0.0;0.0;1.0;0.0
2022;PE;Abastecimento;550000.0;270756.25;106589.1473;52472.14147;0.744;9680238;227528003.7;57487413.71;41523918.04;15963495.67;0.252660828;0.182500252;0.070160575;281688;34.36510607;1.536117689;-0.339682452;262693;0.932567238;18995;0.067432762;9750;4954;1392;569;322;889;83;2089;0.0;1.0;0.0;0.0;0.0;1.0;0.0;0.0;0.0;1.0;0.0;0.0;0.0;0.0
2022;PE;Difusão do Conhecimento Científico e Tecnológico;500000.0;26168.35;96899.22481;5071.385659;0.744;9680238;227528003.7;57487413.71;41523918.04;15963495.67;0.252660828;0.182500252;0.070160575;281688;34.36510607;1.536117689;-0.339682452;262693;0.932567238;18995;0.067432762;9750;4954;1392;569;322;889;83;2089;0.0;1.0;0.0;0.0;0.0;1.0;0.0;0.0;0.0;0.0;1.0;0.0;0.0;0.0
2022;PE;Promoção da Produção Agropecuária;100000.0;0.0;19379.84496;0.0;0.744;9680238;227528003.7;57487413.71;41523918.04;15963495.67;0.252660828;0.182500252;0.070160575;281688;34.36510607;1.536117689;-0.339682452;262693;0.932567238;18995;0.067432762;9750;4954;1392;569;322;889;83;2089;0.0;1.0;0.0;0.0;0.0;1.0;0.0;0.0;0.0;0.0;0.0;0.0;1.0;0.0
2022;PI;Desenvolvimento Tecnológico e Engenharia;465000.0;373586.42;90116.27907;72400.46899;0.71;3297552;64532084.65;16304729.91;11777121.72;4527608.194;0.252660828;0.182500252;0.070160575;245601;13.42645999;1.127961522;-0.514025372;237127;0.965496883;8474;0.034503117;4304;2578;574;105;96;100;263;972;0.0;1.0;0.0;0.0;0.0;1.0;0.0;0.0;0.0;0.0;1.0;0.0;0.0;0.0
2022;RN;Ensino Profissional;240000.0;0.0;46511.62791;0.0;0.751;3592515;82101375.6;20743801.51;14983521.75;5760279.757;0.252660828;0.182500252;0.070160575;63452;56.61783711;1.752953275;-0.154397974;53247;0.839169766;10205;0.160830234;5484;3478;522;115;102;71;397;750;0.0;1.0;0.0;0.0;0.0;1.0;0.0;0.0;0.0;0.0;0.0;1.0;0.0;0.0
2022;RN;Promoção da Produção Agropecuária;1255000.0;0.0;243217.0543;0.0;0.751;3592515;82101375.6;20743801.51;14983521.75;5760279.757;0.252660828;0.182500252;0.070160575;63452;56.61783711;1.752953275;-0.154397974;53247;0.839169766;10205;0.160830234;5484;3478;522;115;102;71;397;750;0.0;1.0;0.0;0.0;0.0;1.0;0.0;0.0;0.0;0.0;0.0;0.0;1.0;0.0
2022;SE;Abastecimento;0.0;0.0;0.0;0.0;0.717;2360325;51177231.77;12930481.73;9339857.702;3590624.031;0.252660828;0.182500252;0.070160575;93275;25.30501206;1.403206549;-0.415120149;84963;0.910887162;8312;0.089112838;5441;2242;214;147;62;12;47;391;0.0;1.0;0.0;0.0;0.0;1.0;0.0;0.0;0.0;1.0;0.0;0.0;0.0;0.0
2022;SE;Promoção da Produção Agropecuária;0.0;0.0;0.0;0.0;0.717;2360325;51177231.77;12930481.73;9339857.702;3590624.031;0.252660828;0.182500252;0.070160575;93275;25.30501206;1.403206549;-0.415120149;84963;0.910887162;8312;0.089112838;5441;2242;214;147;62;12;47;391;0.0;1.0;0.0;0.0;0.0;1.0;0.0;0.0;0.0;0.0;0.0;0.0;1.0;0.0
2022;AC;Desenvolvimento Tecnológico e Engenharia;900000.0;775050.0;174418.6047;150203.4884;0.737;902784;19736874.5;4986735.045;3601984.573;1384750.472;0.252660828;0.182500252;0.070160575;37356;24.16704144;1.383223487;-0.424595314;33086;0.8856944;4270;0.1143056;2904;953;146;114;19;315;104;175;0.0;1.0;0.0;0.0;0.0;0.0;1.0;0.0;0.0;0.0;1.0;0.0;0.0;0.0
2022;AC;Difusão do Conhecimento Científico e Tecnológico;400000.0;46207.09;77519.37984;8954.862403;0.737;902784;19736874.5;4986735.045;3601984.573;1384750.472;0.252660828;0.182500252;0.070160575;37356;24.16704144;1.383223487;-0.424595314;33086;0.8856944;4270;0.1143056;2904;953;146;114;19;315;104;175;0.0;1.0;0.0;0.0;0.0;0.0;1.0;0.0;0.0;0.0;1.0;0.0;0.0;0.0
2022;AC;Promoção da Produção Agropecuária;900000.0;0.0;174418.6047;0.0;0.737;902784;19736874.5;4986735.045;3601984.573;1384750.472;0.252660828;0.182500252;0.070160575;37356;24.16704144;1.383223487;-0.424595314;33086;0.8856944;4270;0.1143056;2904;953;146;114;19;315;104;175;0.0;1.0;0.0;0.0;0.0;0.0;1.0;0.0;0.0;0.0;0.0;0.0;1.0;0.0
2022;AM;Desenvolvimento Tecnológico e Engenharia;600000.0;226895.02;116279.0698;43971.9031;0.725;4169992;126608276.2;31988951.84;23106042.33;8882909.514;0.252660828;0.182500252;0.070160575;80959;51.50745439;1.711870087;-0.196948913;71267;0.880285083;9692;0.119714917;8092;1137;248;54;43;145;20;412;0.0;1.0;0.0;0.0;0.0;0.0;1.0;0.0;0.0;0.0;1.0;0.0;0.0;0.0
2022;AM;Promoção da Produção Agropecuária;180000.0;180000.0;34883.72093;34883.72093;0.725;4169992;126608276.2;31988951.84;23106042.33;8882909.514;0.252660828;0.182500252;0.070160575;80959;51.50745439;1.711870087;-0.196948913;71267;0.880285083;9692;0.119714917;8092;1137;248;54;43;145;20;412;0.0;1.0;0.0;0.0;0.0;0.0;1.0;0.0;0.0;0.0;0.0;0.0;1.0;0.0
2022;AM;Reforma Agrária;1100000.0;0.0;213178.2946;0.0;0.725;4169992;126608276.2;31988951.84;23106042.33;8882909.514;0.252660828;0.182500252;0.070160575;80959;51.50745439;1.711870087;-0.196948913;71267;0.880285083;9692;0.119714917;8092;1137;248;54;43;145;20;412;0.0;1.0;0.0;0.0;0.0;0.0;1.0;0.0;0.0;0.0;0.0;1.0;0.0;0.0
2022;AP;Desenvolvimento Tecnológico e Engenharia;300000.0;23686.65;58139.53488;4590.436047;0.72;886723;20733072.0;5238435.13;3783790.868;1454644.262;0.252660828;0.182500252;0.070160575;8507;104.2345128;2.018011541;0.242076098;7214;0.848007523;1293;0.151992477;1125;132;14;8;12;1;45;35;0.0;1.0;0.0;0.0;0.0;0.0;1.0;0.0;0.0;0.0;1.0;0.0;0.0;0.0
2022;AP;Reforma Agrária;200000.0;99583.06;38759.68992;19299.04264;0.72;886723;20733072.0;5238435.13;3783790.868;1454644.262;0.252660828;0.182500252;0.070160575;8507;104.2345128;2.018011541;0.242076098;7214;0.848007523;1293;0.151992477;1125;132;14;8;12;1;45;35;0.0;1.0;0.0;0.0;0.0;0.0;1.0;0.0;0.0;0.0;0.0;1.0;0.0;0.0
2022;PA;Promoção da Produção Agropecuária;600001.0;600000.0;116279.2636;116279.0698;0.715;8831282;235223759.4;59431829.72;42928395.4;16503434.32;0.252660828;0.182500252;0.070160575;281699;31.35006514;1.496238448;-0.364786799;264830;0.940116933;16869;0.059883067;8848;5051;1108;756;353;256;129;1141;0.0;1.0;0.0;0.0;0.0;0.0;1.0;0.0;0.0;0.0;0.0;0.0;1.0;0.0
2022;PA;Reforma Agrária;19287392.0;400000.0;3737866.667;77519.37984;0.715;8831282;235223759.4;59431829.72;42928395.4;16503434.32;0.252660828;0.182500252;0.070160575;281699;31.35006514;1.496238448;-0.364786799;264830;0.940116933;16869;0.059883067;8848;5051;1108;756;353;256;129;1141;0.0;1.0;0.0;0.0;0.0;0.0;1.0;0.0;0.0;0.0;0.0;1.0;0.0;0.0
2022;RO;Ensino Profissional;552000.0;0.0;106976.7442;0.0;0.734;1825292;57465737.73;14519340.85;10487511.63;4031829.228;0.252660828;0.182500252;0.070160575;91438;19.96207266;1.300205632;-0.459607441;74338;0.812988036;17100;0.187011964;13029;3343;384;456;197;62;35;446;0.0;1.0;0.0;0.0;0.0;0.0;1.0;0.0;0.0;0.0;0.0;1.0;0.0;0.0
2022;RO;Ordenamento Territorial;15700000.0;1378629.96;3042635.659;267176.3488;0.734;1825292;57465737.73;14519340.85;10487511.63;4031829.228;0.252660828;0.182500252;0.070160575;91438;19.96207266;1.300205632;-0.459607441;74338;0.812988036;17100;0.187011964;13029;3343;384;456;197;62;35;446;0.0;1.0;0.0;0.0;0.0;0.0;1.0;0.0;0.0;0.0;0.0;1.0;0.0;0.0
2022;RR;Promoção da Produção Agropecuária;15200000.0;0.0;2945736.434;0.0;0.732;589743;17700299.41;4472172.298;3230309.105;1241863.192;0.252660828;0.182500252;0.070160575;16846;35.00789505;1.544165998;-0.334330353;14619;0.867802446;2227;0.132197554;1498;638;37;16;26;6;110;91;0.0;1.0;0.0;0.0;0.0;0.0;1.0;0.0;0.0;0.0;0.0;0.0;1.0;0.0
2022;TO;Promoção da Produção Agropecuária;6852174.0;0.0;1327940.698;0.0;0.755;1611616;49814092.35;12586069.8;9091084.414;3494985.385;0.252660828;0.182500252;0.070160575;63808;25.25727182;1.402386438;-0.415517652;54908;0.860519057;8900;0.139480943;4728;3383;286;221;172;12;276;425;0.0;1.0;0.0;0.0;0.0;0.0;1.0;0.0;0.0;0.0;0.0;0.0;1.0;0.0
2022;ES;Promoção da Produção Agropecuária;46013365.0;1486382.53;8917318.798;288058.6298;0.792;4153927;160799081.8;40627629.08;29345872.97;11281756.11;0.252660828;0.182500252;0.070160575;108014;38.45730183;1.584978811;-0.305609315;82693;0.765576685;25321;0.234423315;8895;7833;7305;1312;403;44;354;1701;0.0;1.0;0.0;0.0;0.0;0.0;0.0;1.0;0.0;0.0;0.0;0.0;1.0;0.0
2022;MG;Desenvolvimento Tecnológico e Engenharia;150000.0;119530.0;29069.76744;23164.72868;0.795;21547292;790665818.7;199770280.1;144296711.3;55473568.83;0.252660828;0.182500252;0.070160575;607557;35.46546579;1.549805668;-0.33052045;448571;0.738319203;158986;0.261680797;54926;64141;38718;7477;2218;732;919;8611;0.0;1.0;0.0;0.0;0.0;0.0;0.0;1.0;0.0;0.0;1.0;0.0;0.0;0.0
2022;MG;Extensão Rural;1150000.0;477500.0;222868.2171;92538.75969;0.795;21547292;790665818.7;199770280.1;144296711.3;55473568.83;0.252660828;0.182500252;0.070160575;607557;35.46546579;1.549805668;-0.33052045;448571;0.738319203;158986;0.261680797;54926;64141;38718;7477;2218;732;919;8611;0.0;1.0;0.0;0.0;0.0;0.0;0.0;1.0;0.0;0.0;0.0;0.0;1.0;0.0
2022;MG;Promoção da Produção Agropecuária;9596682.0;2308750.0;1859822.093;447432.1705;0.795;21547292;790665818.7;199770280.1;144296711.3;55473568.83;0.252660828;0.182500252;0.070160575;607557;35.46546579;1.549805668;-0.33052045;448571;0.738319203;158986;0.261680797;54926;64141;38718;7477;2218;732;919;8611;0.0;1.0;0.0;0.0;0.0;0.0;0.0;1.0;0.0;0.0;0.0;0.0;1.0;0.0
2022;RJ;Difusão do Conhecimento Científico e Tecnológico;250000.0;107103.68;48449.6124;20756.52713;0.794;17580150;892065456.9;225389996.6;162802170.8;62587825.79;0.252660828;0.182500252;0.070160575;65224;269.5349871;2.430615147;1.618429054;49149;0.753541641;16075;0.246458359;6803;7234;1288;180;213;41;36;1653;0.0;1.0;0.0;0.0;0.0;0.0;0.0;1.0;0.0;0.0;1.0;0.0;0.0;0.0
2022;RJ;Ensino Profissional;0.0;0.0;0.0;0.0;0.794;17580150;892065456.9;225389996.6;162802170.8;62587825.79;0.252660828;0.182500252;0.070160575;65224;269.5349871;2.430615147;1.618429054;49149;0.753541641;16075;0.246458359;6803;7234;1288;180;213;41;36;1653;0.0;1.0;0.0;0.0;0.0;0.0;0.0;1.0;0.0;0.0;0.0;0.0;1.0;0.0
2022;RJ;Extensão Rural;1000000.0;0.0;193798.4496;0.0;0.794;17580150;892065456.9;225389996.6;162802170.8;62587825.79;0.252660828;0.182500252;0.070160575;65224;269.5349871;2.430615147;1.618429054;49149;0.753541641;16075;0.246458359;6803;7234;1288;180;213;41;36;1653;0.0;1.0;0.0;0.0;0.0;0.0;0.0;1.0;0.0;0.0;0.0;0.0;1.0;0.0
2022;RJ;Promoção da Produção Agropecuária;6709000.0;1500000.0;1300193.798;290697.6744;0.794;17580150;892065456.9;225389996.6;162802170.8;62587825.79;0.252660828;0.182500252;0.070160575;65224;269.5349871;2.430615147;1.618429054;49149;0.753541641;16075;0.246458359;6803;7234;1288;180;213;41;36;1653;0.0;1.0;0.0;0.0;0.0;0.0;0.0;1.0;0.0;0.0;0.0;0.0;1.0;0.0
2022;SP;Desenvolvimento Tecnológico e Engenharia;6235452.0;2309410.19;1208420.93;447560.1143;0.829;47082619;2719036684.0;686994058.8;496224880.4;190769178.4;0.252660828;0.182500252;0.070160575;188620;249.6162602;2.397272872;1.452578358;111409;0.590653165;77211;0.409346835;18281;36058;19008;5260;1858;195;539;5936;0.0;1.0;0.0;0.0;0.0;0.0;0.0;1.0;0.0;0.0;1.0;0.0;0.0;0.0
2022;SP;Difusão do Conhecimento Científico e Tecnológico;100000.0;80308.16;19379.84496;15563.5969;0.829;47082619;2719036684.0;686994058.8;496224880.4;190769178.4;0.252660828;0.182500252;0.070160575;188620;249.6162602;2.397272872;1.452578358;111409;0.590653165;77211;0.409346835;18281;36058;19008;5260;1858;195;539;5936;0.0;1.0;0.0;0.0;0.0;0.0;0.0;1.0;0.0;0.0;1.0;0.0;0.0;0.0
2022;SP;Promoção da Produção Agropecuária;7620000.0;150000.0;1476744.186;29069.76744;0.829;47082619;2719036684.0;686994058.8;496224880.4;190769178.4;0.252660828;0.182500252;0.070160575;188620;249.6162602;2.397272872;1.452578358;111409;0.590653165;77211;0.409346835;18281;36058;19008;5260;1858;195;539;5936;0.0;1.0;0.0;0.0;0.0;0.0;0.0;1.0;0.0;0.0;0.0;0.0;1.0;0.0
2022;SUL;Desenvolvimento Tecnológico e Engenharia;200000.0;0.0;38759.68992;0.0;0.8;30607937;508879601.7;128573941.3;92870655.62;35703285.69;0.252660828;0.182500252;0.070160575;853314;35.86948884;1.554725188;-0.327156404;438669;0.514076881;414645;0.485923119;124015;98051;155171;110162;17735;850;1694;15085;0.0;1.0;0.0;0.0;0.0;0.0;0.0;0.0;1.0;0.0;1.0;0.0;0.0;0.0
2022;SUL;Promoção da Produção Agropecuária;200000.0;200000.0;38759.68992;38759.68992;0.8;30607937;508879601.7;128573941.3;92870655.62;35703285.69;0.252660828;0.182500252;0.070160575;853314;35.86948884;1.554725188;-0.327156404;438669;0.514076881;414645;0.485923119;124015;98051;155171;110162;17735;850;1694;15085;0.0;1.0;0.0;0.0;0.0;0.0;0.0;0.0;1.0;0.0;0.0;0.0;1.0;0.0
2022;PR;Promoção da Produção Agropecuária;82675805.0;3355245.22;16022442.83;650241.3217;0.794;11677986;557679053.5;140903651.2;101776567.9;39127083.31;0.252660828;0.182500252;0.070160575;305154;38.2691559;1.582848883;-0.307175888;167655;0.549411117;137499;0.450588883;30044;35223;63410;26217;6099;250;244;4684;0.0;1.0;0.0;0.0;0.0;0.0;0.0;0.0;1.0;0.0;0.0;0.0;1.0;0.0
2022;PR;Reforma Agrária;15826002.0;1065597.92;3067054.651;206511.2248;0.794;11677986;557679053.5;140903651.2;101776567.9;39127083.31;0.252660828;0.182500252;0.070160575;305154;38.2691559;1.582848883;-0.307175888;167655;0.549411117;137499;0.450588883;30044;35223;63410;26217;6099;250;244;4684;0.0;1.0;0.0;0.0;0.0;0.0;0.0;0.0;1.0;0.0;0.0;1.0;0.0;0.0
2022;RS;Administração Geral;468895.0;0.0;90871.12403;0.0;0.792;11508643;568229166.6;143569251.5;103701966.2;39867285.31;0.252660828;0.182500252;0.070160575;365094;31.52241067;1.498619423;-0.363351786;182811;0.500723101;182283;0.499276899;58551;44802;60144;52534;8968;411;880;7050;0.0;1.0;0.0;0.0;0.0;0.0;0.0;0.0;1.0;1.0;0.0;0.0;0.0;0.0
2022;RS;Desenvolvimento Tecnológico e Engenharia;500000.0;304028.33;96899.22481;58920.21899;0.792;11508643;568229166.6;143569251.5;103701966.2;39867285.31;0.252660828;0.182500252;0.070160575;365094;31.52241067;1.498619423;-0.363351786;182811;0.500723101;182283;0.499276899;58551;44802;60144;52534;8968;411;880;7050;0.0;1.0;0.0;0.0;0.0;0.0;0.0;0.0;1.0;0.0;1.0;0.0;0.0;0.0
2022;RS;Difusão do Conhecimento Científico e Tecnológico;150000.0;82959.76;29069.76744;16077.47287;0.792;11508643;568229166.6;143569251.5;103701966.2;39867285.31;0.252660828;0.182500252;0.070160575;365094;31.52241067;1.498619423;-0.363351786;182811;0.500723101;182283;0.499276899;58551;44802;60144;52534;8968;411;880;7050;0.0;1.0;0.0;0.0;0.0;0.0;0.0;0.0;1.0;0.0;1.0;0.0;0.0;0.0
2022;RS;Ensino Profissional;960000.0;0.0;186046.5116;0.0;0.792;11508643;568229166.6;143569251.5;103701966.2;39867285.31;0.252660828;0.182500252;0.070160575;365094;31.52241067;1.498619423;-0.363351786;182811;0.500723101;182283;0.499276899;58551;44802;60144;52534;8968;411;880;7050;0.0;1.0;0.0;0.0;0.0;0.0;0.0;0.0;1.0;0.0;0.0;1.0;0.0;0.0
2022;RS;Promoção da Produção Agropecuária;59017094.0;2503533.67;11437421.32;485180.9438;0.792;11508643;568229166.6;143569251.5;103701966.2;39867285.31;0.252660828;0.182500252;0.070160575;365094;31.52241067;1.498619423;-0.363351786;182811;0.500723101;182283;0.499276899;58551;44802;60144;52534;8968;411;880;7050;0.0;1.0;0.0;0.0;0.0;0.0;0.0;0.0;1.0;0.0;0.0;0.0;1.0;0.0
2022;SC;Abastecimento;100000.0;0.0;19379.84496;0.0;0.813;7421308;400730584.9;101248921.2;73133432.79;28115488.44;0.252660828;0.182500252;0.070160575;183066;40.53897501;1.607872764;-0.288276533;88203;0.481809839;94863;0.518190161;35420;18026;31617;31411;2668;189;570;3351;0.0;1.0;0.0;0.0;0.0;0.0;0.0;0.0;1.0;1.0;0.0;0.0;0.0;0.0
2022;SC;Promoção da Produção Agropecuária;23608890.0;2099675.05;4575366.279;406913.7694;0.813;7421308;400730584.9;101248921.2;73133432.79;28115488.44;0.252660828;0.182500252;0.070160575;183066;40.53897501;1.607872764;-0.288276533;88203;0.481809839;94863;0.518190161;35420;18026;31617;31411;2668;189;570;3351;0.0;1.0;0.0;0.0;0.0;0.0;0.0;0.0;1.0;0.0;0.0;0.0;1.0;0.0
